Slot,Time,VehicleID,State
0,00:00,1,0
0,00:00,2,0
0,00:00,3,0
0,00:00,4,0
0,00:00,5,0
0,00:00,6,0
0,00:00,7,0
0,00:00,8,0
0,00:00,9,0
0,00:00,10,0
0,00:00,11,0
0,00:00,12,0
0,00:00,13,0
0,00:00,14,0
0,00:00,15,0
0,00:00,16,0
0,00:00,17,0
0,00:00,18,0
0,00:00,19,0
0,00:00,20,0
0,00:00,21,0
0,00:00,22,0
0,00:00,23,0
0,00:00,24,0
0,00:00,25,0
0,00:00,26,0
0,00:00,27,0
0,00:00,28,0
0,00:00,29,0
0,00:00,30,0
0,00:00,31,0
0,00:00,32,0
0,00:00,33,0
0,00:00,34,0
0,00:00,35,0
0,00:00,36,0
0,00:00,37,0
0,00:00,38,0
0,00:00,39,0
0,00:00,40,0
0,00:00,41,0
0,00:00,42,0
0,00:00,43,0
0,00:00,44,0
0,00:00,45,0
0,00:00,46,0
0,00:00,47,0
0,00:00,48,0
0,00:00,49,0
0,00:00,50,0
1,00:15,1,0
1,00:15,2,0
1,00:15,3,0
1,00:15,4,0
1,00:15,5,0
1,00:15,6,0
1,00:15,7,0
1,00:15,8,0
1,00:15,9,0
1,00:15,10,0
1,00:15,11,0
1,00:15,12,0
1,00:15,13,0
1,00:15,14,0
1,00:15,15,0
1,00:15,16,0
1,00:15,17,0
1,00:15,18,0
1,00:15,19,0
1,00:15,20,0
1,00:15,21,0
1,00:15,22,0
1,00:15,23,0
1,00:15,24,0
1,00:15,25,0
1,00:15,26,0
1,00:15,27,0
1,00:15,28,0
1,00:15,29,0
1,00:15,30,0
1,00:15,31,0
1,00:15,32,0
1,00:15,33,0
1,00:15,34,0
1,00:15,35,0
1,00:15,36,0
1,00:15,37,0
1,00:15,38,0
1,00:15,39,0
1,00:15,40,0
1,00:15,41,0
1,00:15,42,0
1,00:15,43,0
1,00:15,44,0
1,00:15,45,0
1,00:15,46,0
1,00:15,47,0
1,00:15,48,0
1,00:15,49,0
1,00:15,50,0
2,00:30,1,0
2,00:30,2,0
2,00:30,3,0
2,00:30,4,0
2,00:30,5,0
2,00:30,6,0
2,00:30,7,0
2,00:30,8,0
2,00:30,9,0
2,00:30,10,0
2,00:30,11,0
2,00:30,12,0
2,00:30,13,0
2,00:30,14,0
2,00:30,15,0
2,00:30,16,0
2,00:30,17,0
2,00:30,18,0
2,00:30,19,0
2,00:30,20,0
2,00:30,21,0
2,00:30,22,0
2,00:30,23,0
2,00:30,24,0
2,00:30,25,0
2,00:30,26,0
2,00:30,27,0
2,00:30,28,0
2,00:30,29,0
2,00:30,30,0
2,00:30,31,0
2,00:30,32,0
2,00:30,33,0
2,00:30,34,0
2,00:30,35,0
2,00:30,36,0
2,00:30,37,0
2,00:30,38,0
2,00:30,39,0
2,00:30,40,0
2,00:30,41,0
2,00:30,42,0
2,00:30,43,0
2,00:30,44,0
2,00:30,45,0
2,00:30,46,0
2,00:30,47,0
2,00:30,48,0
2,00:30,49,0
2,00:30,50,0
3,00:45,1,0
3,00:45,2,0
3,00:45,3,0
3,00:45,4,0
3,00:45,5,0
3,00:45,6,0
3,00:45,7,0
3,00:45,8,0
3,00:45,9,0
3,00:45,10,0
3,00:45,11,0
3,00:45,12,0
3,00:45,13,0
3,00:45,14,0
3,00:45,15,0
3,00:45,16,0
3,00:45,17,0
3,00:45,18,0
3,00:45,19,0
3,00:45,20,0
3,00:45,21,0
3,00:45,22,0
3,00:45,23,0
3,00:45,24,0
3,00:45,25,0
3,00:45,26,0
3,00:45,27,0
3,00:45,28,0
3,00:45,29,0
3,00:45,30,0
3,00:45,31,0
3,00:45,32,0
3,00:45,33,0
3,00:45,34,0
3,00:45,35,0
3,00:45,36,0
3,00:45,37,0
3,00:45,38,0
3,00:45,39,0
3,00:45,40,0
3,00:45,41,0
3,00:45,42,0
3,00:45,43,0
3,00:45,44,0
3,00:45,45,0
3,00:45,46,0
3,00:45,47,0
3,00:45,48,0
3,00:45,49,0
3,00:45,50,0
4,01:00,1,0
4,01:00,2,0
4,01:00,3,0
4,01:00,4,0
4,01:00,5,0
4,01:00,6,0
4,01:00,7,0
4,01:00,8,0
4,01:00,9,0
4,01:00,10,0
4,01:00,11,0
4,01:00,12,0
4,01:00,13,0
4,01:00,14,0
4,01:00,15,0
4,01:00,16,0
4,01:00,17,0
4,01:00,18,0
4,01:00,19,0
4,01:00,20,0
4,01:00,21,0
4,01:00,22,0
4,01:00,23,0
4,01:00,24,0
4,01:00,25,0
4,01:00,26,0
4,01:00,27,0
4,01:00,28,0
4,01:00,29,0
4,01:00,30,0
4,01:00,31,0
4,01:00,32,0
4,01:00,33,0
4,01:00,34,0
4,01:00,35,0
4,01:00,36,0
4,01:00,37,0
4,01:00,38,0
4,01:00,39,0
4,01:00,40,0
4,01:00,41,0
4,01:00,42,0
4,01:00,43,0
4,01:00,44,0
4,01:00,45,0
4,01:00,46,0
4,01:00,47,0
4,01:00,48,0
4,01:00,49,0
4,01:00,50,0
5,01:15,1,0
5,01:15,2,0
5,01:15,3,0
5,01:15,4,0
5,01:15,5,0
5,01:15,6,0
5,01:15,7,0
5,01:15,8,0
5,01:15,9,0
5,01:15,10,0
5,01:15,11,0
5,01:15,12,0
5,01:15,13,0
5,01:15,14,0
5,01:15,15,0
5,01:15,16,0
5,01:15,17,0
5,01:15,18,0
5,01:15,19,0
5,01:15,20,0
5,01:15,21,0
5,01:15,22,0
5,01:15,23,0
5,01:15,24,0
5,01:15,25,0
5,01:15,26,0
5,01:15,27,0
5,01:15,28,0
5,01:15,29,0
5,01:15,30,0
5,01:15,31,0
5,01:15,32,0
5,01:15,33,0
5,01:15,34,0
5,01:15,35,0
5,01:15,36,0
5,01:15,37,0
5,01:15,38,0
5,01:15,39,0
5,01:15,40,0
5,01:15,41,0
5,01:15,42,0
5,01:15,43,0
5,01:15,44,0
5,01:15,45,0
5,01:15,46,0
5,01:15,47,0
5,01:15,48,0
5,01:15,49,0
5,01:15,50,0
6,01:30,1,0
6,01:30,2,0
6,01:30,3,0
6,01:30,4,0
6,01:30,5,0
6,01:30,6,0
6,01:30,7,0
6,01:30,8,0
6,01:30,9,0
6,01:30,10,0
6,01:30,11,0
6,01:30,12,0
6,01:30,13,0
6,01:30,14,0
6,01:30,15,0
6,01:30,16,0
6,01:30,17,0
6,01:30,18,0
6,01:30,19,0
6,01:30,20,0
6,01:30,21,0
6,01:30,22,0
6,01:30,23,0
6,01:30,24,0
6,01:30,25,0
6,01:30,26,0
6,01:30,27,0
6,01:30,28,0
6,01:30,29,0
6,01:30,30,0
6,01:30,31,0
6,01:30,32,0
6,01:30,33,0
6,01:30,34,0
6,01:30,35,0
6,01:30,36,0
6,01:30,37,0
6,01:30,38,0
6,01:30,39,0
6,01:30,40,0
6,01:30,41,0
6,01:30,42,0
6,01:30,43,0
6,01:30,44,0
6,01:30,45,0
6,01:30,46,0
6,01:30,47,0
6,01:30,48,0
6,01:30,49,0
6,01:30,50,0
7,01:45,1,0
7,01:45,2,0
7,01:45,3,0
7,01:45,4,0
7,01:45,5,0
7,01:45,6,0
7,01:45,7,0
7,01:45,8,0
7,01:45,9,0
7,01:45,10,0
7,01:45,11,0
7,01:45,12,0
7,01:45,13,0
7,01:45,14,0
7,01:45,15,0
7,01:45,16,0
7,01:45,17,0
7,01:45,18,0
7,01:45,19,0
7,01:45,20,0
7,01:45,21,0
7,01:45,22,0
7,01:45,23,0
7,01:45,24,0
7,01:45,25,0
7,01:45,26,0
7,01:45,27,0
7,01:45,28,0
7,01:45,29,0
7,01:45,30,0
7,01:45,31,0
7,01:45,32,0
7,01:45,33,0
7,01:45,34,0
7,01:45,35,0
7,01:45,36,0
7,01:45,37,0
7,01:45,38,0
7,01:45,39,0
7,01:45,40,0
7,01:45,41,0
7,01:45,42,0
7,01:45,43,0
7,01:45,44,0
7,01:45,45,0
7,01:45,46,0
7,01:45,47,0
7,01:45,48,0
7,01:45,49,0
7,01:45,50,0
8,02:00,1,0
8,02:00,2,0
8,02:00,3,0
8,02:00,4,0
8,02:00,5,0
8,02:00,6,0
8,02:00,7,0
8,02:00,8,0
8,02:00,9,0
8,02:00,10,0
8,02:00,11,0
8,02:00,12,0
8,02:00,13,0
8,02:00,14,0
8,02:00,15,0
8,02:00,16,0
8,02:00,17,0
8,02:00,18,0
8,02:00,19,0
8,02:00,20,0
8,02:00,21,0
8,02:00,22,0
8,02:00,23,0
8,02:00,24,0
8,02:00,25,0
8,02:00,26,0
8,02:00,27,0
8,02:00,28,0
8,02:00,29,0
8,02:00,30,0
8,02:00,31,0
8,02:00,32,0
8,02:00,33,0
8,02:00,34,0
8,02:00,35,0
8,02:00,36,0
8,02:00,37,0
8,02:00,38,0
8,02:00,39,0
8,02:00,40,0
8,02:00,41,0
8,02:00,42,0
8,02:00,43,0
8,02:00,44,0
8,02:00,45,0
8,02:00,46,0
8,02:00,47,0
8,02:00,48,0
8,02:00,49,0
8,02:00,50,0
9,02:15,1,0
9,02:15,2,0
9,02:15,3,0
9,02:15,4,0
9,02:15,5,0
9,02:15,6,0
9,02:15,7,0
9,02:15,8,0
9,02:15,9,0
9,02:15,10,0
9,02:15,11,0
9,02:15,12,0
9,02:15,13,0
9,02:15,14,0
9,02:15,15,0
9,02:15,16,0
9,02:15,17,0
9,02:15,18,0
9,02:15,19,0
9,02:15,20,0
9,02:15,21,0
9,02:15,22,0
9,02:15,23,0
9,02:15,24,0
9,02:15,25,0
9,02:15,26,0
9,02:15,27,0
9,02:15,28,0
9,02:15,29,0
9,02:15,30,0
9,02:15,31,0
9,02:15,32,0
9,02:15,33,0
9,02:15,34,0
9,02:15,35,0
9,02:15,36,0
9,02:15,37,0
9,02:15,38,0
9,02:15,39,0
9,02:15,40,0
9,02:15,41,0
9,02:15,42,0
9,02:15,43,0
9,02:15,44,0
9,02:15,45,0
9,02:15,46,0
9,02:15,47,0
9,02:15,48,0
9,02:15,49,0
9,02:15,50,0
10,02:30,1,0
10,02:30,2,0
10,02:30,3,0
10,02:30,4,0
10,02:30,5,0
10,02:30,6,0
10,02:30,7,0
10,02:30,8,0
10,02:30,9,0
10,02:30,10,0
10,02:30,11,0
10,02:30,12,0
10,02:30,13,0
10,02:30,14,0
10,02:30,15,0
10,02:30,16,0
10,02:30,17,0
10,02:30,18,0
10,02:30,19,0
10,02:30,20,0
10,02:30,21,0
10,02:30,22,0
10,02:30,23,0
10,02:30,24,0
10,02:30,25,0
10,02:30,26,0
10,02:30,27,0
10,02:30,28,0
10,02:30,29,0
10,02:30,30,0
10,02:30,31,0
10,02:30,32,0
10,02:30,33,0
10,02:30,34,0
10,02:30,35,0
10,02:30,36,0
10,02:30,37,0
10,02:30,38,0
10,02:30,39,0
10,02:30,40,0
10,02:30,41,0
10,02:30,42,0
10,02:30,43,0
10,02:30,44,0
10,02:30,45,0
10,02:30,46,0
10,02:30,47,0
10,02:30,48,0
10,02:30,49,0
10,02:30,50,0
11,02:45,1,0
11,02:45,2,0
11,02:45,3,0
11,02:45,4,0
11,02:45,5,0
11,02:45,6,0
11,02:45,7,0
11,02:45,8,0
11,02:45,9,0
11,02:45,10,0
11,02:45,11,0
11,02:45,12,0
11,02:45,13,0
11,02:45,14,0
11,02:45,15,0
11,02:45,16,0
11,02:45,17,0
11,02:45,18,0
11,02:45,19,0
11,02:45,20,0
11,02:45,21,0
11,02:45,22,0
11,02:45,23,0
11,02:45,24,0
11,02:45,25,0
11,02:45,26,0
11,02:45,27,0
11,02:45,28,0
11,02:45,29,0
11,02:45,30,0
11,02:45,31,0
11,02:45,32,0
11,02:45,33,0
11,02:45,34,0
11,02:45,35,0
11,02:45,36,0
11,02:45,37,0
11,02:45,38,0
11,02:45,39,0
11,02:45,40,0
11,02:45,41,0
11,02:45,42,0
11,02:45,43,0
11,02:45,44,0
11,02:45,45,0
11,02:45,46,0
11,02:45,47,0
11,02:45,48,0
11,02:45,49,0
11,02:45,50,0
12,03:00,1,0
12,03:00,2,0
12,03:00,3,0
12,03:00,4,0
12,03:00,5,0
12,03:00,6,0
12,03:00,7,0
12,03:00,8,0
12,03:00,9,0
12,03:00,10,0
12,03:00,11,0
12,03:00,12,0
12,03:00,13,0
12,03:00,14,0
12,03:00,15,0
12,03:00,16,0
12,03:00,17,0
12,03:00,18,0
12,03:00,19,0
12,03:00,20,0
12,03:00,21,0
12,03:00,22,0
12,03:00,23,0
12,03:00,24,0
12,03:00,25,0
12,03:00,26,0
12,03:00,27,0
12,03:00,28,0
12,03:00,29,0
12,03:00,30,0
12,03:00,31,0
12,03:00,32,0
12,03:00,33,0
12,03:00,34,0
12,03:00,35,0
12,03:00,36,0
12,03:00,37,0
12,03:00,38,0
12,03:00,39,0
12,03:00,40,0
12,03:00,41,0
12,03:00,42,0
12,03:00,43,0
12,03:00,44,0
12,03:00,45,0
12,03:00,46,0
12,03:00,47,0
12,03:00,48,0
12,03:00,49,0
12,03:00,50,0
13,03:15,1,0
13,03:15,2,0
13,03:15,3,0
13,03:15,4,0
13,03:15,5,0
13,03:15,6,0
13,03:15,7,0
13,03:15,8,0
13,03:15,9,0
13,03:15,10,0
13,03:15,11,0
13,03:15,12,0
13,03:15,13,0
13,03:15,14,0
13,03:15,15,0
13,03:15,16,0
13,03:15,17,0
13,03:15,18,0
13,03:15,19,0
13,03:15,20,0
13,03:15,21,0
13,03:15,22,0
13,03:15,23,0
13,03:15,24,0
13,03:15,25,0
13,03:15,26,0
13,03:15,27,0
13,03:15,28,0
13,03:15,29,0
13,03:15,30,0
13,03:15,31,0
13,03:15,32,0
13,03:15,33,0
13,03:15,34,0
13,03:15,35,0
13,03:15,36,0
13,03:15,37,0
13,03:15,38,0
13,03:15,39,0
13,03:15,40,0
13,03:15,41,0
13,03:15,42,0
13,03:15,43,0
13,03:15,44,0
13,03:15,45,0
13,03:15,46,0
13,03:15,47,0
13,03:15,48,0
13,03:15,49,0
13,03:15,50,0
14,03:30,1,0
14,03:30,2,0
14,03:30,3,0
14,03:30,4,0
14,03:30,5,0
14,03:30,6,0
14,03:30,7,0
14,03:30,8,0
14,03:30,9,0
14,03:30,10,0
14,03:30,11,0
14,03:30,12,0
14,03:30,13,0
14,03:30,14,0
14,03:30,15,0
14,03:30,16,0
14,03:30,17,0
14,03:30,18,0
14,03:30,19,0
14,03:30,20,0
14,03:30,21,0
14,03:30,22,0
14,03:30,23,0
14,03:30,24,0
14,03:30,25,0
14,03:30,26,0
14,03:30,27,0
14,03:30,28,0
14,03:30,29,0
14,03:30,30,0
14,03:30,31,0
14,03:30,32,0
14,03:30,33,0
14,03:30,34,0
14,03:30,35,0
14,03:30,36,0
14,03:30,37,0
14,03:30,38,0
14,03:30,39,0
14,03:30,40,0
14,03:30,41,0
14,03:30,42,0
14,03:30,43,0
14,03:30,44,0
14,03:30,45,0
14,03:30,46,0
14,03:30,47,0
14,03:30,48,0
14,03:30,49,0
14,03:30,50,0
15,03:45,1,0
15,03:45,2,0
15,03:45,3,0
15,03:45,4,0
15,03:45,5,0
15,03:45,6,0
15,03:45,7,0
15,03:45,8,0
15,03:45,9,0
15,03:45,10,0
15,03:45,11,0
15,03:45,12,0
15,03:45,13,0
15,03:45,14,0
15,03:45,15,0
15,03:45,16,0
15,03:45,17,0
15,03:45,18,0
15,03:45,19,0
15,03:45,20,0
15,03:45,21,0
15,03:45,22,0
15,03:45,23,0
15,03:45,24,0
15,03:45,25,0
15,03:45,26,0
15,03:45,27,0
15,03:45,28,0
15,03:45,29,0
15,03:45,30,0
15,03:45,31,0
15,03:45,32,0
15,03:45,33,0
15,03:45,34,0
15,03:45,35,0
15,03:45,36,0
15,03:45,37,0
15,03:45,38,0
15,03:45,39,0
15,03:45,40,0
15,03:45,41,0
15,03:45,42,0
15,03:45,43,0
15,03:45,44,0
15,03:45,45,0
15,03:45,46,0
15,03:45,47,0
15,03:45,48,0
15,03:45,49,0
15,03:45,50,0
16,04:00,1,0
16,04:00,2,0
16,04:00,3,0
16,04:00,4,0
16,04:00,5,0
16,04:00,6,0
16,04:00,7,0
16,04:00,8,0
16,04:00,9,0
16,04:00,10,0
16,04:00,11,0
16,04:00,12,0
16,04:00,13,0
16,04:00,14,0
16,04:00,15,0
16,04:00,16,0
16,04:00,17,0
16,04:00,18,0
16,04:00,19,0
16,04:00,20,0
16,04:00,21,0
16,04:00,22,0
16,04:00,23,0
16,04:00,24,0
16,04:00,25,0
16,04:00,26,0
16,04:00,27,0
16,04:00,28,0
16,04:00,29,0
16,04:00,30,0
16,04:00,31,0
16,04:00,32,0
16,04:00,33,0
16,04:00,34,0
16,04:00,35,0
16,04:00,36,0
16,04:00,37,0
16,04:00,38,0
16,04:00,39,0
16,04:00,40,0
16,04:00,41,0
16,04:00,42,0
16,04:00,43,0
16,04:00,44,0
16,04:00,45,0
16,04:00,46,0
16,04:00,47,0
16,04:00,48,0
16,04:00,49,0
16,04:00,50,0
17,04:15,1,0
17,04:15,2,0
17,04:15,3,0
17,04:15,4,0
17,04:15,5,0
17,04:15,6,0
17,04:15,7,0
17,04:15,8,0
17,04:15,9,0
17,04:15,10,0
17,04:15,11,0
17,04:15,12,0
17,04:15,13,0
17,04:15,14,0
17,04:15,15,0
17,04:15,16,0
17,04:15,17,0
17,04:15,18,0
17,04:15,19,0
17,04:15,20,0
17,04:15,21,0
17,04:15,22,0
17,04:15,23,0
17,04:15,24,0
17,04:15,25,0
17,04:15,26,0
17,04:15,27,0
17,04:15,28,0
17,04:15,29,0
17,04:15,30,0
17,04:15,31,0
17,04:15,32,0
17,04:15,33,0
17,04:15,34,0
17,04:15,35,0
17,04:15,36,0
17,04:15,37,0
17,04:15,38,0
17,04:15,39,0
17,04:15,40,0
17,04:15,41,0
17,04:15,42,0
17,04:15,43,0
17,04:15,44,0
17,04:15,45,0
17,04:15,46,0
17,04:15,47,0
17,04:15,48,0
17,04:15,49,0
17,04:15,50,0
18,04:30,1,0
18,04:30,2,0
18,04:30,3,0
18,04:30,4,0
18,04:30,5,0
18,04:30,6,0
18,04:30,7,0
18,04:30,8,0
18,04:30,9,0
18,04:30,10,0
18,04:30,11,0
18,04:30,12,0
18,04:30,13,0
18,04:30,14,0
18,04:30,15,0
18,04:30,16,0
18,04:30,17,0
18,04:30,18,0
18,04:30,19,0
18,04:30,20,0
18,04:30,21,0
18,04:30,22,0
18,04:30,23,0
18,04:30,24,0
18,04:30,25,0
18,04:30,26,0
18,04:30,27,0
18,04:30,28,0
18,04:30,29,0
18,04:30,30,0
18,04:30,31,0
18,04:30,32,0
18,04:30,33,0
18,04:30,34,0
18,04:30,35,0
18,04:30,36,0
18,04:30,37,0
18,04:30,38,0
18,04:30,39,0
18,04:30,40,0
18,04:30,41,0
18,04:30,42,0
18,04:30,43,0
18,04:30,44,0
18,04:30,45,0
18,04:30,46,0
18,04:30,47,0
18,04:30,48,0
18,04:30,49,0
18,04:30,50,0
19,04:45,1,0
19,04:45,2,0
19,04:45,3,0
19,04:45,4,0
19,04:45,5,0
19,04:45,6,0
19,04:45,7,0
19,04:45,8,0
19,04:45,9,0
19,04:45,10,0
19,04:45,11,0
19,04:45,12,0
19,04:45,13,0
19,04:45,14,0
19,04:45,15,0
19,04:45,16,0
19,04:45,17,0
19,04:45,18,0
19,04:45,19,0
19,04:45,20,0
19,04:45,21,0
19,04:45,22,0
19,04:45,23,0
19,04:45,24,0
19,04:45,25,0
19,04:45,26,0
19,04:45,27,0
19,04:45,28,0
19,04:45,29,0
19,04:45,30,0
19,04:45,31,0
19,04:45,32,0
19,04:45,33,0
19,04:45,34,0
19,04:45,35,0
19,04:45,36,0
19,04:45,37,0
19,04:45,38,0
19,04:45,39,0
19,04:45,40,0
19,04:45,41,0
19,04:45,42,0
19,04:45,43,0
19,04:45,44,0
19,04:45,45,0
19,04:45,46,0
19,04:45,47,0
19,04:45,48,0
19,04:45,49,0
19,04:45,50,0
20,05:00,1,0
20,05:00,2,0
20,05:00,3,0
20,05:00,4,0
20,05:00,5,0
20,05:00,6,0
20,05:00,7,0
20,05:00,8,0
20,05:00,9,0
20,05:00,10,0
20,05:00,11,0
20,05:00,12,0
20,05:00,13,0
20,05:00,14,0
20,05:00,15,0
20,05:00,16,0
20,05:00,17,0
20,05:00,18,0
20,05:00,19,0
20,05:00,20,0
20,05:00,21,0
20,05:00,22,0
20,05:00,23,0
20,05:00,24,0
20,05:00,25,0
20,05:00,26,0
20,05:00,27,0
20,05:00,28,0
20,05:00,29,0
20,05:00,30,0
20,05:00,31,0
20,05:00,32,0
20,05:00,33,0
20,05:00,34,0
20,05:00,35,0
20,05:00,36,0
20,05:00,37,0
20,05:00,38,0
20,05:00,39,0
20,05:00,40,0
20,05:00,41,0
20,05:00,42,0
20,05:00,43,0
20,05:00,44,0
20,05:00,45,0
20,05:00,46,0
20,05:00,47,0
20,05:00,48,0
20,05:00,49,0
20,05:00,50,0
21,05:15,1,0
21,05:15,2,0
21,05:15,3,0
21,05:15,4,0
21,05:15,5,0
21,05:15,6,0
21,05:15,7,0
21,05:15,8,0
21,05:15,9,0
21,05:15,10,0
21,05:15,11,0
21,05:15,12,0
21,05:15,13,0
21,05:15,14,0
21,05:15,15,0
21,05:15,16,0
21,05:15,17,0
21,05:15,18,0
21,05:15,19,0
21,05:15,20,0
21,05:15,21,0
21,05:15,22,0
21,05:15,23,0
21,05:15,24,0
21,05:15,25,0
21,05:15,26,0
21,05:15,27,0
21,05:15,28,0
21,05:15,29,0
21,05:15,30,0
21,05:15,31,0
21,05:15,32,0
21,05:15,33,0
21,05:15,34,0
21,05:15,35,0
21,05:15,36,0
21,05:15,37,0
21,05:15,38,0
21,05:15,39,0
21,05:15,40,0
21,05:15,41,0
21,05:15,42,0
21,05:15,43,0
21,05:15,44,0
21,05:15,45,0
21,05:15,46,0
21,05:15,47,0
21,05:15,48,0
21,05:15,49,0
21,05:15,50,0
22,05:30,1,0
22,05:30,2,0
22,05:30,3,0
22,05:30,4,0
22,05:30,5,0
22,05:30,6,0
22,05:30,7,0
22,05:30,8,0
22,05:30,9,0
22,05:30,10,0
22,05:30,11,0
22,05:30,12,0
22,05:30,13,0
22,05:30,14,0
22,05:30,15,0
22,05:30,16,0
22,05:30,17,0
22,05:30,18,0
22,05:30,19,0
22,05:30,20,0
22,05:30,21,0
22,05:30,22,0
22,05:30,23,0
22,05:30,24,0
22,05:30,25,0
22,05:30,26,0
22,05:30,27,0
22,05:30,28,0
22,05:30,29,0
22,05:30,30,0
22,05:30,31,0
22,05:30,32,0
22,05:30,33,0
22,05:30,34,0
22,05:30,35,0
22,05:30,36,0
22,05:30,37,0
22,05:30,38,0
22,05:30,39,0
22,05:30,40,0
22,05:30,41,0
22,05:30,42,0
22,05:30,43,0
22,05:30,44,0
22,05:30,45,0
22,05:30,46,0
22,05:30,47,0
22,05:30,48,0
22,05:30,49,0
22,05:30,50,0
23,05:45,1,0
23,05:45,2,0
23,05:45,3,0
23,05:45,4,0
23,05:45,5,0
23,05:45,6,0
23,05:45,7,0
23,05:45,8,0
23,05:45,9,0
23,05:45,10,0
23,05:45,11,0
23,05:45,12,0
23,05:45,13,0
23,05:45,14,0
23,05:45,15,0
23,05:45,16,0
23,05:45,17,0
23,05:45,18,0
23,05:45,19,0
23,05:45,20,0
23,05:45,21,0
23,05:45,22,0
23,05:45,23,0
23,05:45,24,0
23,05:45,25,0
23,05:45,26,0
23,05:45,27,0
23,05:45,28,0
23,05:45,29,0
23,05:45,30,0
23,05:45,31,0
23,05:45,32,0
23,05:45,33,0
23,05:45,34,0
23,05:45,35,0
23,05:45,36,0
23,05:45,37,0
23,05:45,38,0
23,05:45,39,0
23,05:45,40,0
23,05:45,41,0
23,05:45,42,0
23,05:45,43,0
23,05:45,44,0
23,05:45,45,0
23,05:45,46,0
23,05:45,47,0
23,05:45,48,0
23,05:45,49,0
23,05:45,50,0
24,06:00,1,0
24,06:00,2,0
24,06:00,3,0
24,06:00,4,0
24,06:00,5,0
24,06:00,6,0
24,06:00,7,0
24,06:00,8,0
24,06:00,9,0
24,06:00,10,0
24,06:00,11,0
24,06:00,12,0
24,06:00,13,0
24,06:00,14,0
24,06:00,15,0
24,06:00,16,0
24,06:00,17,0
24,06:00,18,0
24,06:00,19,0
24,06:00,20,0
24,06:00,21,0
24,06:00,22,0
24,06:00,23,0
24,06:00,24,0
24,06:00,25,1
24,06:00,26,0
24,06:00,27,0
24,06:00,28,0
24,06:00,29,0
24,06:00,30,0
24,06:00,31,0
24,06:00,32,0
24,06:00,33,0
24,06:00,34,0
24,06:00,35,0
24,06:00,36,0
24,06:00,37,0
24,06:00,38,0
24,06:00,39,0
24,06:00,40,0
24,06:00,41,0
24,06:00,42,0
24,06:00,43,0
24,06:00,44,0
24,06:00,45,0
24,06:00,46,0
24,06:00,47,0
24,06:00,48,0
24,06:00,49,0
24,06:00,50,0
25,06:15,1,0
25,06:15,2,0
25,06:15,3,0
25,06:15,4,0
25,06:15,5,0
25,06:15,6,0
25,06:15,7,0
25,06:15,8,0
25,06:15,9,0
25,06:15,10,0
25,06:15,11,0
25,06:15,12,0
25,06:15,13,0
25,06:15,14,0
25,06:15,15,0
25,06:15,16,0
25,06:15,17,0
25,06:15,18,0
25,06:15,19,0
25,06:15,20,1
25,06:15,21,0
25,06:15,22,0
25,06:15,23,0
25,06:15,24,0
25,06:15,25,1
25,06:15,26,0
25,06:15,27,0
25,06:15,28,0
25,06:15,29,0
25,06:15,30,0
25,06:15,31,0
25,06:15,32,0
25,06:15,33,0
25,06:15,34,0
25,06:15,35,0
25,06:15,36,0
25,06:15,37,0
25,06:15,38,0
25,06:15,39,0
25,06:15,40,0
25,06:15,41,0
25,06:15,42,0
25,06:15,43,0
25,06:15,44,0
25,06:15,45,0
25,06:15,46,0
25,06:15,47,0
25,06:15,48,0
25,06:15,49,0
25,06:15,50,0
26,06:30,1,0
26,06:30,2,0
26,06:30,3,0
26,06:30,4,0
26,06:30,5,0
26,06:30,6,0
26,06:30,7,0
26,06:30,8,0
26,06:30,9,0
26,06:30,10,0
26,06:30,11,0
26,06:30,12,0
26,06:30,13,0
26,06:30,14,0
26,06:30,15,0
26,06:30,16,0
26,06:30,17,0
26,06:30,18,0
26,06:30,19,0
26,06:30,20,-1
26,06:30,21,0
26,06:30,22,0
26,06:30,23,0
26,06:30,24,0
26,06:30,25,-1
26,06:30,26,0
26,06:30,27,0
26,06:30,28,0
26,06:30,29,0
26,06:30,30,0
26,06:30,31,0
26,06:30,32,0
26,06:30,33,0
26,06:30,34,0
26,06:30,35,0
26,06:30,36,0
26,06:30,37,0
26,06:30,38,0
26,06:30,39,0
26,06:30,40,0
26,06:30,41,0
26,06:30,42,0
26,06:30,43,0
26,06:30,44,0
26,06:30,45,0
26,06:30,46,0
26,06:30,47,0
26,06:30,48,0
26,06:30,49,0
26,06:30,50,0
27,06:45,1,0
27,06:45,2,0
27,06:45,3,0
27,06:45,4,0
27,06:45,5,0
27,06:45,6,0
27,06:45,7,0
27,06:45,8,0
27,06:45,9,0
27,06:45,10,0
27,06:45,11,0
27,06:45,12,0
27,06:45,13,0
27,06:45,14,0
27,06:45,15,0
27,06:45,16,0
27,06:45,17,0
27,06:45,18,0
27,06:45,19,0
27,06:45,20,1
27,06:45,21,0
27,06:45,22,0
27,06:45,23,0
27,06:45,24,0
27,06:45,25,0
27,06:45,26,0
27,06:45,27,0
27,06:45,28,0
27,06:45,29,0
27,06:45,30,0
27,06:45,31,0
27,06:45,32,0
27,06:45,33,0
27,06:45,34,0
27,06:45,35,1
27,06:45,36,0
27,06:45,37,0
27,06:45,38,0
27,06:45,39,0
27,06:45,40,0
27,06:45,41,0
27,06:45,42,0
27,06:45,43,0
27,06:45,44,0
27,06:45,45,0
27,06:45,46,0
27,06:45,47,0
27,06:45,48,0
27,06:45,49,0
27,06:45,50,0
28,07:00,1,0
28,07:00,2,0
28,07:00,3,0
28,07:00,4,0
28,07:00,5,0
28,07:00,6,0
28,07:00,7,0
28,07:00,8,0
28,07:00,9,0
28,07:00,10,0
28,07:00,11,0
28,07:00,12,0
28,07:00,13,0
28,07:00,14,0
28,07:00,15,0
28,07:00,16,0
28,07:00,17,0
28,07:00,18,0
28,07:00,19,0
28,07:00,20,-1
28,07:00,21,0
28,07:00,22,0
28,07:00,23,0
28,07:00,24,0
28,07:00,25,1
28,07:00,26,0
28,07:00,27,0
28,07:00,28,0
28,07:00,29,0
28,07:00,30,0
28,07:00,31,0
28,07:00,32,0
28,07:00,33,0
28,07:00,34,0
28,07:00,35,1
28,07:00,36,1
28,07:00,37,0
28,07:00,38,0
28,07:00,39,0
28,07:00,40,0
28,07:00,41,0
28,07:00,42,0
28,07:00,43,0
28,07:00,44,0
28,07:00,45,0
28,07:00,46,0
28,07:00,47,0
28,07:00,48,0
28,07:00,49,0
28,07:00,50,0
29,07:15,1,0
29,07:15,2,0
29,07:15,3,0
29,07:15,4,0
29,07:15,5,0
29,07:15,6,0
29,07:15,7,0
29,07:15,8,0
29,07:15,9,0
29,07:15,10,0
29,07:15,11,0
29,07:15,12,0
29,07:15,13,0
29,07:15,14,0
29,07:15,15,0
29,07:15,16,0
29,07:15,17,0
29,07:15,18,0
29,07:15,19,0
29,07:15,20,1
29,07:15,21,0
29,07:15,22,0
29,07:15,23,0
29,07:15,24,0
29,07:15,25,-1
29,07:15,26,0
29,07:15,27,0
29,07:15,28,0
29,07:15,29,0
29,07:15,30,0
29,07:15,31,0
29,07:15,32,0
29,07:15,33,0
29,07:15,34,0
29,07:15,35,1
29,07:15,36,-1
29,07:15,37,0
29,07:15,38,0
29,07:15,39,0
29,07:15,40,0
29,07:15,41,0
29,07:15,42,0
29,07:15,43,0
29,07:15,44,0
29,07:15,45,0
29,07:15,46,0
29,07:15,47,0
29,07:15,48,0
29,07:15,49,0
29,07:15,50,0
30,07:30,1,0
30,07:30,2,0
30,07:30,3,0
30,07:30,4,0
30,07:30,5,0
30,07:30,6,0
30,07:30,7,0
30,07:30,8,0
30,07:30,9,0
30,07:30,10,0
30,07:30,11,0
30,07:30,12,0
30,07:30,13,0
30,07:30,14,0
30,07:30,15,0
30,07:30,16,0
30,07:30,17,1
30,07:30,18,0
30,07:30,19,0
30,07:30,20,-1
30,07:30,21,0
30,07:30,22,0
30,07:30,23,0
30,07:30,24,0
30,07:30,25,0
30,07:30,26,0
30,07:30,27,0
30,07:30,28,0
30,07:30,29,0
30,07:30,30,0
30,07:30,31,0
30,07:30,32,0
30,07:30,33,0
30,07:30,34,0
30,07:30,35,-1
30,07:30,36,0
30,07:30,37,0
30,07:30,38,0
30,07:30,39,0
30,07:30,40,0
30,07:30,41,0
30,07:30,42,0
30,07:30,43,0
30,07:30,44,0
30,07:30,45,0
30,07:30,46,-1
30,07:30,47,0
30,07:30,48,0
30,07:30,49,0
30,07:30,50,0
31,07:45,1,0
31,07:45,2,0
31,07:45,3,0
31,07:45,4,0
31,07:45,5,0
31,07:45,6,0
31,07:45,7,0
31,07:45,8,0
31,07:45,9,0
31,07:45,10,0
31,07:45,11,0
31,07:45,12,0
31,07:45,13,0
31,07:45,14,0
31,07:45,15,0
31,07:45,16,0
31,07:45,17,1
31,07:45,18,0
31,07:45,19,0
31,07:45,20,1
31,07:45,21,0
31,07:45,22,0
31,07:45,23,0
31,07:45,24,0
31,07:45,25,1
31,07:45,26,0
31,07:45,27,0
31,07:45,28,0
31,07:45,29,0
31,07:45,30,0
31,07:45,31,0
31,07:45,32,0
31,07:45,33,0
31,07:45,34,0
31,07:45,35,1
31,07:45,36,1
31,07:45,37,0
31,07:45,38,0
31,07:45,39,0
31,07:45,40,0
31,07:45,41,0
31,07:45,42,0
31,07:45,43,0
31,07:45,44,0
31,07:45,45,0
31,07:45,46,-1
31,07:45,47,0
31,07:45,48,0
31,07:45,49,0
31,07:45,50,0
32,08:00,1,0
32,08:00,2,0
32,08:00,3,0
32,08:00,4,0
32,08:00,5,0
32,08:00,6,0
32,08:00,7,0
32,08:00,8,0
32,08:00,9,0
32,08:00,10,0
32,08:00,11,0
32,08:00,12,0
32,08:00,13,0
32,08:00,14,0
32,08:00,15,0
32,08:00,16,0
32,08:00,17,1
32,08:00,18,0
32,08:00,19,0
32,08:00,20,1
32,08:00,21,0
32,08:00,22,0
32,08:00,23,0
32,08:00,24,0
32,08:00,25,1
32,08:00,26,0
32,08:00,27,0
32,08:00,28,0
32,08:00,29,0
32,08:00,30,0
32,08:00,31,0
32,08:00,32,0
32,08:00,33,0
32,08:00,34,0
32,08:00,35,1
32,08:00,36,1
32,08:00,37,0
32,08:00,38,0
32,08:00,39,0
32,08:00,40,0
32,08:00,41,0
32,08:00,42,0
32,08:00,43,0
32,08:00,44,0
32,08:00,45,0
32,08:00,46,-1
32,08:00,47,0
32,08:00,48,0
32,08:00,49,0
32,08:00,50,0
33,08:15,1,0
33,08:15,2,0
33,08:15,3,0
33,08:15,4,0
33,08:15,5,0
33,08:15,6,0
33,08:15,7,0
33,08:15,8,0
33,08:15,9,0
33,08:15,10,0
33,08:15,11,0
33,08:15,12,0
33,08:15,13,0
33,08:15,14,0
33,08:15,15,0
33,08:15,16,0
33,08:15,17,1
33,08:15,18,0
33,08:15,19,0
33,08:15,20,1
33,08:15,21,0
33,08:15,22,0
33,08:15,23,0
33,08:15,24,0
33,08:15,25,1
33,08:15,26,0
33,08:15,27,0
33,08:15,28,0
33,08:15,29,0
33,08:15,30,0
33,08:15,31,0
33,08:15,32,0
33,08:15,33,0
33,08:15,34,0
33,08:15,35,1
33,08:15,36,-1
33,08:15,37,0
33,08:15,38,0
33,08:15,39,0
33,08:15,40,0
33,08:15,41,0
33,08:15,42,0
33,08:15,43,0
33,08:15,44,0
33,08:15,45,0
33,08:15,46,0
33,08:15,47,0
33,08:15,48,0
33,08:15,49,0
33,08:15,50,0
34,08:30,1,0
34,08:30,2,0
34,08:30,3,0
34,08:30,4,0
34,08:30,5,0
34,08:30,6,0
34,08:30,7,0
34,08:30,8,0
34,08:30,9,0
34,08:30,10,0
34,08:30,11,0
34,08:30,12,0
34,08:30,13,0
34,08:30,14,0
34,08:30,15,0
34,08:30,16,0
34,08:30,17,1
34,08:30,18,0
34,08:30,19,0
34,08:30,20,1
34,08:30,21,0
34,08:30,22,0
34,08:30,23,0
34,08:30,24,0
34,08:30,25,-1
34,08:30,26,0
34,08:30,27,0
34,08:30,28,0
34,08:30,29,0
34,08:30,30,0
34,08:30,31,0
34,08:30,32,0
34,08:30,33,0
34,08:30,34,0
34,08:30,35,1
34,08:30,36,1
34,08:30,37,0
34,08:30,38,0
34,08:30,39,0
34,08:30,40,0
34,08:30,41,0
34,08:30,42,0
34,08:30,43,0
34,08:30,44,0
34,08:30,45,0
34,08:30,46,0
34,08:30,47,0
34,08:30,48,0
34,08:30,49,0
34,08:30,50,0
35,08:45,1,0
35,08:45,2,0
35,08:45,3,0
35,08:45,4,0
35,08:45,5,0
35,08:45,6,0
35,08:45,7,0
35,08:45,8,0
35,08:45,9,0
35,08:45,10,0
35,08:45,11,0
35,08:45,12,0
35,08:45,13,0
35,08:45,14,0
35,08:45,15,0
35,08:45,16,0
35,08:45,17,1
35,08:45,18,0
35,08:45,19,0
35,08:45,20,1
35,08:45,21,0
35,08:45,22,0
35,08:45,23,0
35,08:45,24,0
35,08:45,25,-1
35,08:45,26,0
35,08:45,27,0
35,08:45,28,0
35,08:45,29,0
35,08:45,30,0
35,08:45,31,0
35,08:45,32,0
35,08:45,33,0
35,08:45,34,0
35,08:45,35,-1
35,08:45,36,1
35,08:45,37,0
35,08:45,38,0
35,08:45,39,0
35,08:45,40,0
35,08:45,41,0
35,08:45,42,0
35,08:45,43,0
35,08:45,44,0
35,08:45,45,0
35,08:45,46,-1
35,08:45,47,0
35,08:45,48,0
35,08:45,49,0
35,08:45,50,0
36,09:00,1,0
36,09:00,2,0
36,09:00,3,0
36,09:00,4,0
36,09:00,5,0
36,09:00,6,0
36,09:00,7,0
36,09:00,8,0
36,09:00,9,0
36,09:00,10,0
36,09:00,11,0
36,09:00,12,0
36,09:00,13,0
36,09:00,14,-1
36,09:00,15,0
36,09:00,16,0
36,09:00,17,1
36,09:00,18,0
36,09:00,19,0
36,09:00,20,1
36,09:00,21,0
36,09:00,22,0
36,09:00,23,0
36,09:00,24,0
36,09:00,25,0
36,09:00,26,0
36,09:00,27,0
36,09:00,28,0
36,09:00,29,0
36,09:00,30,0
36,09:00,31,0
36,09:00,32,0
36,09:00,33,0
36,09:00,34,1
36,09:00,35,1
36,09:00,36,1
36,09:00,37,0
36,09:00,38,0
36,09:00,39,0
36,09:00,40,0
36,09:00,41,0
36,09:00,42,0
36,09:00,43,0
36,09:00,44,0
36,09:00,45,0
36,09:00,46,0
36,09:00,47,0
36,09:00,48,0
36,09:00,49,0
36,09:00,50,0
37,09:15,1,0
37,09:15,2,0
37,09:15,3,0
37,09:15,4,0
37,09:15,5,0
37,09:15,6,0
37,09:15,7,0
37,09:15,8,0
37,09:15,9,0
37,09:15,10,0
37,09:15,11,1
37,09:15,12,0
37,09:15,13,0
37,09:15,14,1
37,09:15,15,0
37,09:15,16,0
37,09:15,17,0
37,09:15,18,0
37,09:15,19,0
37,09:15,20,1
37,09:15,21,0
37,09:15,22,0
37,09:15,23,0
37,09:15,24,0
37,09:15,25,1
37,09:15,26,0
37,09:15,27,0
37,09:15,28,0
37,09:15,29,0
37,09:15,30,0
37,09:15,31,0
37,09:15,32,0
37,09:15,33,0
37,09:15,34,1
37,09:15,35,1
37,09:15,36,1
37,09:15,37,0
37,09:15,38,1
37,09:15,39,0
37,09:15,40,0
37,09:15,41,0
37,09:15,42,0
37,09:15,43,0
37,09:15,44,0
37,09:15,45,0
37,09:15,46,1
37,09:15,47,0
37,09:15,48,0
37,09:15,49,0
37,09:15,50,0
38,09:30,1,0
38,09:30,2,0
38,09:30,3,0
38,09:30,4,0
38,09:30,5,0
38,09:30,6,0
38,09:30,7,0
38,09:30,8,0
38,09:30,9,0
38,09:30,10,0
38,09:30,11,-1
38,09:30,12,0
38,09:30,13,0
38,09:30,14,0
38,09:30,15,0
38,09:30,16,0
38,09:30,17,-1
38,09:30,18,0
38,09:30,19,0
38,09:30,20,1
38,09:30,21,1
38,09:30,22,0
38,09:30,23,0
38,09:30,24,0
38,09:30,25,1
38,09:30,26,0
38,09:30,27,0
38,09:30,28,0
38,09:30,29,0
38,09:30,30,0
38,09:30,31,0
38,09:30,32,0
38,09:30,33,0
38,09:30,34,-1
38,09:30,35,1
38,09:30,36,1
38,09:30,37,0
38,09:30,38,1
38,09:30,39,0
38,09:30,40,0
38,09:30,41,0
38,09:30,42,0
38,09:30,43,0
38,09:30,44,0
38,09:30,45,0
38,09:30,46,0
38,09:30,47,0
38,09:30,48,0
38,09:30,49,0
38,09:30,50,0
39,09:45,1,0
39,09:45,2,0
39,09:45,3,0
39,09:45,4,0
39,09:45,5,0
39,09:45,6,0
39,09:45,7,0
39,09:45,8,0
39,09:45,9,0
39,09:45,10,0
39,09:45,11,1
39,09:45,12,0
39,09:45,13,0
39,09:45,14,1
39,09:45,15,0
39,09:45,16,0
39,09:45,17,1
39,09:45,18,0
39,09:45,19,0
39,09:45,20,0
39,09:45,21,1
39,09:45,22,0
39,09:45,23,0
39,09:45,24,0
39,09:45,25,1
39,09:45,26,0
39,09:45,27,0
39,09:45,28,0
39,09:45,29,0
39,09:45,30,0
39,09:45,31,0
39,09:45,32,0
39,09:45,33,-1
39,09:45,34,1
39,09:45,35,1
39,09:45,36,1
39,09:45,37,0
39,09:45,38,0
39,09:45,39,0
39,09:45,40,0
39,09:45,41,0
39,09:45,42,0
39,09:45,43,0
39,09:45,44,0
39,09:45,45,0
39,09:45,46,1
39,09:45,47,0
39,09:45,48,0
39,09:45,49,0
39,09:45,50,0
40,10:00,1,0
40,10:00,2,0
40,10:00,3,0
40,10:00,4,0
40,10:00,5,0
40,10:00,6,0
40,10:00,7,0
40,10:00,8,0
40,10:00,9,0
40,10:00,10,0
40,10:00,11,-1
40,10:00,12,0
40,10:00,13,0
40,10:00,14,1
40,10:00,15,0
40,10:00,16,0
40,10:00,17,0
40,10:00,18,0
40,10:00,19,0
40,10:00,20,-1
40,10:00,21,1
40,10:00,22,0
40,10:00,23,0
40,10:00,24,0
40,10:00,25,1
40,10:00,26,0
40,10:00,27,0
40,10:00,28,0
40,10:00,29,0
40,10:00,30,0
40,10:00,31,0
40,10:00,32,0
40,10:00,33,1
40,10:00,34,1
40,10:00,35,0
40,10:00,36,0
40,10:00,37,0
40,10:00,38,0
40,10:00,39,0
40,10:00,40,0
40,10:00,41,0
40,10:00,42,0
40,10:00,43,1
40,10:00,44,0
40,10:00,45,0
40,10:00,46,1
40,10:00,47,0
40,10:00,48,0
40,10:00,49,0
40,10:00,50,0
41,10:15,1,0
41,10:15,2,0
41,10:15,3,0
41,10:15,4,0
41,10:15,5,0
41,10:15,6,0
41,10:15,7,0
41,10:15,8,0
41,10:15,9,0
41,10:15,10,0
41,10:15,11,-1
41,10:15,12,0
41,10:15,13,0
41,10:15,14,-1
41,10:15,15,0
41,10:15,16,0
41,10:15,17,1
41,10:15,18,0
41,10:15,19,0
41,10:15,20,1
41,10:15,21,1
41,10:15,22,0
41,10:15,23,0
41,10:15,24,0
41,10:15,25,0
41,10:15,26,0
41,10:15,27,0
41,10:15,28,0
41,10:15,29,0
41,10:15,30,0
41,10:15,31,0
41,10:15,32,0
41,10:15,33,0
41,10:15,34,-1
41,10:15,35,1
41,10:15,36,0
41,10:15,37,0
41,10:15,38,1
41,10:15,39,0
41,10:15,40,0
41,10:15,41,0
41,10:15,42,0
41,10:15,43,1
41,10:15,44,0
41,10:15,45,0
41,10:15,46,-1
41,10:15,47,0
41,10:15,48,0
41,10:15,49,0
41,10:15,50,0
42,10:30,1,0
42,10:30,2,0
42,10:30,3,0
42,10:30,4,0
42,10:30,5,0
42,10:30,6,0
42,10:30,7,0
42,10:30,8,0
42,10:30,9,0
42,10:30,10,0
42,10:30,11,1
42,10:30,12,0
42,10:30,13,0
42,10:30,14,1
42,10:30,15,0
42,10:30,16,0
42,10:30,17,0
42,10:30,18,0
42,10:30,19,0
42,10:30,20,1
42,10:30,21,1
42,10:30,22,0
42,10:30,23,0
42,10:30,24,0
42,10:30,25,0
42,10:30,26,0
42,10:30,27,0
42,10:30,28,0
42,10:30,29,0
42,10:30,30,0
42,10:30,31,0
42,10:30,32,0
42,10:30,33,-1
42,10:30,34,1
42,10:30,35,1
42,10:30,36,0
42,10:30,37,0
42,10:30,38,1
42,10:30,39,0
42,10:30,40,0
42,10:30,41,0
42,10:30,42,0
42,10:30,43,1
42,10:30,44,0
42,10:30,45,0
42,10:30,46,1
42,10:30,47,0
42,10:30,48,0
42,10:30,49,0
42,10:30,50,0
43,10:45,1,0
43,10:45,2,0
43,10:45,3,0
43,10:45,4,0
43,10:45,5,0
43,10:45,6,0
43,10:45,7,0
43,10:45,8,0
43,10:45,9,0
43,10:45,10,0
43,10:45,11,0
43,10:45,12,0
43,10:45,13,0
43,10:45,14,0
43,10:45,15,0
43,10:45,16,0
43,10:45,17,1
43,10:45,18,0
43,10:45,19,0
43,10:45,20,1
43,10:45,21,-1
43,10:45,22,0
43,10:45,23,0
43,10:45,24,0
43,10:45,25,1
43,10:45,26,0
43,10:45,27,0
43,10:45,28,0
43,10:45,29,0
43,10:45,30,0
43,10:45,31,0
43,10:45,32,0
43,10:45,33,1
43,10:45,34,0
43,10:45,35,0
43,10:45,36,0
43,10:45,37,0
43,10:45,38,1
43,10:45,39,0
43,10:45,40,0
43,10:45,41,0
43,10:45,42,0
43,10:45,43,1
43,10:45,44,0
43,10:45,45,1
43,10:45,46,1
43,10:45,47,0
43,10:45,48,0
43,10:45,49,0
43,10:45,50,0
44,11:00,1,0
44,11:00,2,0
44,11:00,3,0
44,11:00,4,0
44,11:00,5,0
44,11:00,6,0
44,11:00,7,0
44,11:00,8,0
44,11:00,9,0
44,11:00,10,0
44,11:00,11,1
44,11:00,12,0
44,11:00,13,0
44,11:00,14,1
44,11:00,15,0
44,11:00,16,0
44,11:00,17,1
44,11:00,18,0
44,11:00,19,0
44,11:00,20,0
44,11:00,21,1
44,11:00,22,0
44,11:00,23,0
44,11:00,24,0
44,11:00,25,1
44,11:00,26,0
44,11:00,27,0
44,11:00,28,0
44,11:00,29,0
44,11:00,30,0
44,11:00,31,0
44,11:00,32,0
44,11:00,33,0
44,11:00,34,1
44,11:00,35,0
44,11:00,36,0
44,11:00,37,0
44,11:00,38,1
44,11:00,39,0
44,11:00,40,0
44,11:00,41,0
44,11:00,42,0
44,11:00,43,1
44,11:00,44,0
44,11:00,45,1
44,11:00,46,1
44,11:00,47,0
44,11:00,48,0
44,11:00,49,0
44,11:00,50,0
45,11:15,1,0
45,11:15,2,0
45,11:15,3,0
45,11:15,4,0
45,11:15,5,1
45,11:15,6,0
45,11:15,7,0
45,11:15,8,0
45,11:15,9,0
45,11:15,10,0
45,11:15,11,0
45,11:15,12,0
45,11:15,13,0
45,11:15,14,1
45,11:15,15,0
45,11:15,16,0
45,11:15,17,0
45,11:15,18,0
45,11:15,19,1
45,11:15,20,1
45,11:15,21,1
45,11:15,22,0
45,11:15,23,0
45,11:15,24,0
45,11:15,25,0
45,11:15,26,0
45,11:15,27,0
45,11:15,28,0
45,11:15,29,0
45,11:15,30,0
45,11:15,31,0
45,11:15,32,0
45,11:15,33,-1
45,11:15,34,1
45,11:15,35,1
45,11:15,36,0
45,11:15,37,0
45,11:15,38,1
45,11:15,39,0
45,11:15,40,0
45,11:15,41,0
45,11:15,42,0
45,11:15,43,1
45,11:15,44,0
45,11:15,45,1
45,11:15,46,1
45,11:15,47,0
45,11:15,48,0
45,11:15,49,0
45,11:15,50,0
46,11:30,1,0
46,11:30,2,0
46,11:30,3,0
46,11:30,4,0
46,11:30,5,-1
46,11:30,6,0
46,11:30,7,0
46,11:30,8,1
46,11:30,9,0
46,11:30,10,0
46,11:30,11,0
46,11:30,12,0
46,11:30,13,0
46,11:30,14,1
46,11:30,15,0
46,11:30,16,0
46,11:30,17,1
46,11:30,18,0
46,11:30,19,1
46,11:30,20,0
46,11:30,21,1
46,11:30,22,0
46,11:30,23,0
46,11:30,24,0
46,11:30,25,0
46,11:30,26,0
46,11:30,27,0
46,11:30,28,0
46,11:30,29,0
46,11:30,30,0
46,11:30,31,0
46,11:30,32,0
46,11:30,33,0
46,11:30,34,-1
46,11:30,35,1
46,11:30,36,0
46,11:30,37,0
46,11:30,38,-1
46,11:30,39,0
46,11:30,40,0
46,11:30,41,0
46,11:30,42,0
46,11:30,43,1
46,11:30,44,0
46,11:30,45,1
46,11:30,46,1
46,11:30,47,0
46,11:30,48,0
46,11:30,49,0
46,11:30,50,0
47,11:45,1,0
47,11:45,2,0
47,11:45,3,0
47,11:45,4,0
47,11:45,5,1
47,11:45,6,0
47,11:45,7,0
47,11:45,8,0
47,11:45,9,0
47,11:45,10,0
47,11:45,11,0
47,11:45,12,0
47,11:45,13,0
47,11:45,14,1
47,11:45,15,0
47,11:45,16,0
47,11:45,17,1
47,11:45,18,0
47,11:45,19,-1
47,11:45,20,-1
47,11:45,21,-1
47,11:45,22,0
47,11:45,23,0
47,11:45,24,0
47,11:45,25,1
47,11:45,26,0
47,11:45,27,0
47,11:45,28,0
47,11:45,29,0
47,11:45,30,0
47,11:45,31,0
47,11:45,32,0
47,11:45,33,-1
47,11:45,34,1
47,11:45,35,1
47,11:45,36,0
47,11:45,37,0
47,11:45,38,1
47,11:45,39,0
47,11:45,40,0
47,11:45,41,0
47,11:45,42,0
47,11:45,43,0
47,11:45,44,0
47,11:45,45,1
47,11:45,46,1
47,11:45,47,0
47,11:45,48,0
47,11:45,49,0
47,11:45,50,0
48,12:00,1,0
48,12:00,2,0
48,12:00,3,0
48,12:00,4,0
48,12:00,5,-1
48,12:00,6,0
48,12:00,7,0
48,12:00,8,1
48,12:00,9,0
48,12:00,10,0
48,12:00,11,0
48,12:00,12,0
48,12:00,13,0
48,12:00,14,-1
48,12:00,15,0
48,12:00,16,0
48,12:00,17,-1
48,12:00,18,0
48,12:00,19,1
48,12:00,20,1
48,12:00,21,1
48,12:00,22,0
48,12:00,23,0
48,12:00,24,0
48,12:00,25,1
48,12:00,26,0
48,12:00,27,0
48,12:00,28,1
48,12:00,29,1
48,12:00,30,0
48,12:00,31,0
48,12:00,32,0
48,12:00,33,1
48,12:00,34,-1
48,12:00,35,-1
48,12:00,36,0
48,12:00,37,0
48,12:00,38,1
48,12:00,39,0
48,12:00,40,0
48,12:00,41,0
48,12:00,42,0
48,12:00,43,0
48,12:00,44,0
48,12:00,45,1
48,12:00,46,-1
48,12:00,47,0
48,12:00,48,0
48,12:00,49,0
48,12:00,50,0
49,12:15,1,0
49,12:15,2,0
49,12:15,3,0
49,12:15,4,0
49,12:15,5,1
49,12:15,6,0
49,12:15,7,0
49,12:15,8,1
49,12:15,9,0
49,12:15,10,0
49,12:15,11,0
49,12:15,12,0
49,12:15,13,0
49,12:15,14,1
49,12:15,15,0
49,12:15,16,0
49,12:15,17,1
49,12:15,18,0
49,12:15,19,1
49,12:15,20,1
49,12:15,21,-1
49,12:15,22,0
49,12:15,23,0
49,12:15,24,0
49,12:15,25,0
49,12:15,26,0
49,12:15,27,0
49,12:15,28,1
49,12:15,29,1
49,12:15,30,0
49,12:15,31,0
49,12:15,32,0
49,12:15,33,1
49,12:15,34,1
49,12:15,35,1
49,12:15,36,0
49,12:15,37,0
49,12:15,38,-1
49,12:15,39,0
49,12:15,40,0
49,12:15,41,0
49,12:15,42,0
49,12:15,43,0
49,12:15,44,0
49,12:15,45,1
49,12:15,46,1
49,12:15,47,1
49,12:15,48,0
49,12:15,49,0
49,12:15,50,0
50,12:30,1,0
50,12:30,2,0
50,12:30,3,0
50,12:30,4,0
50,12:30,5,1
50,12:30,6,0
50,12:30,7,0
50,12:30,8,1
50,12:30,9,0
50,12:30,10,-1
50,12:30,11,0
50,12:30,12,0
50,12:30,13,0
50,12:30,14,1
50,12:30,15,0
50,12:30,16,0
50,12:30,17,-1
50,12:30,18,0
50,12:30,19,1
50,12:30,20,1
50,12:30,21,1
50,12:30,22,0
50,12:30,23,0
50,12:30,24,0
50,12:30,25,0
50,12:30,26,0
50,12:30,27,0
50,12:30,28,1
50,12:30,29,-1
50,12:30,30,0
50,12:30,31,0
50,12:30,32,0
50,12:30,33,1
50,12:30,34,1
50,12:30,35,0
50,12:30,36,0
50,12:30,37,0
50,12:30,38,-1
50,12:30,39,1
50,12:30,40,0
50,12:30,41,0
50,12:30,42,0
50,12:30,43,-1
50,12:30,44,0
50,12:30,45,1
50,12:30,46,-1
50,12:30,47,1
50,12:30,48,0
50,12:30,49,0
50,12:30,50,0
51,12:45,1,0
51,12:45,2,0
51,12:45,3,0
51,12:45,4,0
51,12:45,5,1
51,12:45,6,0
51,12:45,7,0
51,12:45,8,0
51,12:45,9,0
51,12:45,10,0
51,12:45,11,0
51,12:45,12,0
51,12:45,13,0
51,12:45,14,1
51,12:45,15,0
51,12:45,16,0
51,12:45,17,1
51,12:45,18,0
51,12:45,19,1
51,12:45,20,-1
51,12:45,21,1
51,12:45,22,0
51,12:45,23,0
51,12:45,24,0
51,12:45,25,1
51,12:45,26,0
51,12:45,27,0
51,12:45,28,0
51,12:45,29,-1
51,12:45,30,-1
51,12:45,31,0
51,12:45,32,1
51,12:45,33,1
51,12:45,34,1
51,12:45,35,1
51,12:45,36,0
51,12:45,37,0
51,12:45,38,1
51,12:45,39,1
51,12:45,40,0
51,12:45,41,0
51,12:45,42,0
51,12:45,43,1
51,12:45,44,0
51,12:45,45,-1
51,12:45,46,-1
51,12:45,47,-1
51,12:45,48,0
51,12:45,49,0
51,12:45,50,0
52,13:00,1,0
52,13:00,2,0
52,13:00,3,0
52,13:00,4,0
52,13:00,5,1
52,13:00,6,0
52,13:00,7,0
52,13:00,8,1
52,13:00,9,0
52,13:00,10,1
52,13:00,11,0
52,13:00,12,0
52,13:00,13,0
52,13:00,14,0
52,13:00,15,0
52,13:00,16,0
52,13:00,17,-1
52,13:00,18,-1
52,13:00,19,1
52,13:00,20,1
52,13:00,21,1
52,13:00,22,0
52,13:00,23,0
52,13:00,24,0
52,13:00,25,1
52,13:00,26,0
52,13:00,27,0
52,13:00,28,1
52,13:00,29,0
52,13:00,30,1
52,13:00,31,0
52,13:00,32,1
52,13:00,33,0
52,13:00,34,1
52,13:00,35,0
52,13:00,36,0
52,13:00,37,0
52,13:00,38,1
52,13:00,39,1
52,13:00,40,0
52,13:00,41,0
52,13:00,42,0
52,13:00,43,1
52,13:00,44,0
52,13:00,45,-1
52,13:00,46,1
52,13:00,47,-1
52,13:00,48,0
52,13:00,49,0
52,13:00,50,0
53,13:15,1,0
53,13:15,2,0
53,13:15,3,0
53,13:15,4,0
53,13:15,5,1
53,13:15,6,0
53,13:15,7,0
53,13:15,8,0
53,13:15,9,0
53,13:15,10,1
53,13:15,11,0
53,13:15,12,0
53,13:15,13,0
53,13:15,14,0
53,13:15,15,0
53,13:15,16,0
53,13:15,17,1
53,13:15,18,0
53,13:15,19,1
53,13:15,20,1
53,13:15,21,0
53,13:15,22,0
53,13:15,23,0
53,13:15,24,0
53,13:15,25,-1
53,13:15,26,1
53,13:15,27,0
53,13:15,28,1
53,13:15,29,-1
53,13:15,30,1
53,13:15,31,0
53,13:15,32,1
53,13:15,33,1
53,13:15,34,1
53,13:15,35,-1
53,13:15,36,0
53,13:15,37,0
53,13:15,38,1
53,13:15,39,1
53,13:15,40,0
53,13:15,41,0
53,13:15,42,0
53,13:15,43,1
53,13:15,44,0
53,13:15,45,0
53,13:15,46,1
53,13:15,47,1
53,13:15,48,0
53,13:15,49,0
53,13:15,50,0
54,13:30,1,0
54,13:30,2,0
54,13:30,3,0
54,13:30,4,0
54,13:30,5,1
54,13:30,6,0
54,13:30,7,0
54,13:30,8,-1
54,13:30,9,0
54,13:30,10,-1
54,13:30,11,0
54,13:30,12,0
54,13:30,13,0
54,13:30,14,-1
54,13:30,15,0
54,13:30,16,0
54,13:30,17,1
54,13:30,18,1
54,13:30,19,-1
54,13:30,20,1
54,13:30,21,-1
54,13:30,22,0
54,13:30,23,0
54,13:30,24,0
54,13:30,25,-1
54,13:30,26,0
54,13:30,27,0
54,13:30,28,1
54,13:30,29,1
54,13:30,30,1
54,13:30,31,0
54,13:30,32,-1
54,13:30,33,-1
54,13:30,34,0
54,13:30,35,1
54,13:30,36,0
54,13:30,37,0
54,13:30,38,-1
54,13:30,39,1
54,13:30,40,0
54,13:30,41,0
54,13:30,42,0
54,13:30,43,1
54,13:30,44,0
54,13:30,45,-1
54,13:30,46,-1
54,13:30,47,1
54,13:30,48,0
54,13:30,49,0
54,13:30,50,0
55,13:45,1,0
55,13:45,2,0
55,13:45,3,0
55,13:45,4,0
55,13:45,5,-1
55,13:45,6,0
55,13:45,7,0
55,13:45,8,0
55,13:45,9,0
55,13:45,10,1
55,13:45,11,0
55,13:45,12,0
55,13:45,13,0
55,13:45,14,-1
55,13:45,15,0
55,13:45,16,0
55,13:45,17,1
55,13:45,18,1
55,13:45,19,1
55,13:45,20,1
55,13:45,21,1
55,13:45,22,0
55,13:45,23,0
55,13:45,24,0
55,13:45,25,0
55,13:45,26,1
55,13:45,27,0
55,13:45,28,1
55,13:45,29,0
55,13:45,30,1
55,13:45,31,0
55,13:45,32,-1
55,13:45,33,1
55,13:45,34,0
55,13:45,35,1
55,13:45,36,0
55,13:45,37,0
55,13:45,38,-1
55,13:45,39,0
55,13:45,40,0
55,13:45,41,0
55,13:45,42,0
55,13:45,43,1
55,13:45,44,0
55,13:45,45,1
55,13:45,46,-1
55,13:45,47,1
55,13:45,48,0
55,13:45,49,0
55,13:45,50,0
56,14:00,1,0
56,14:00,2,0
56,14:00,3,0
56,14:00,4,0
56,14:00,5,-1
56,14:00,6,0
56,14:00,7,0
56,14:00,8,1
56,14:00,9,0
56,14:00,10,1
56,14:00,11,0
56,14:00,12,0
56,14:00,13,0
56,14:00,14,1
56,14:00,15,0
56,14:00,16,0
56,14:00,17,1
56,14:00,18,0
56,14:00,19,1
56,14:00,20,1
56,14:00,21,-1
56,14:00,22,0
56,14:00,23,0
56,14:00,24,0
56,14:00,25,1
56,14:00,26,-1
56,14:00,27,0
56,14:00,28,1
56,14:00,29,0
56,14:00,30,1
56,14:00,31,0
56,14:00,32,-1
56,14:00,33,1
56,14:00,34,0
56,14:00,35,-1
56,14:00,36,0
56,14:00,37,0
56,14:00,38,1
56,14:00,39,-1
56,14:00,40,0
56,14:00,41,0
56,14:00,42,0
56,14:00,43,1
56,14:00,44,0
56,14:00,45,-1
56,14:00,46,1
56,14:00,47,1
56,14:00,48,0
56,14:00,49,0
56,14:00,50,0
57,14:15,1,0
57,14:15,2,1
57,14:15,3,0
57,14:15,4,0
57,14:15,5,1
57,14:15,6,0
57,14:15,7,0
57,14:15,8,1
57,14:15,9,0
57,14:15,10,1
57,14:15,11,0
57,14:15,12,0
57,14:15,13,0
57,14:15,14,1
57,14:15,15,0
57,14:15,16,0
57,14:15,17,1
57,14:15,18,1
57,14:15,19,1
57,14:15,20,1
57,14:15,21,-1
57,14:15,22,0
57,14:15,23,0
57,14:15,24,0
57,14:15,25,1
57,14:15,26,1
57,14:15,27,0
57,14:15,28,1
57,14:15,29,1
57,14:15,30,1
57,14:15,31,0
57,14:15,32,1
57,14:15,33,1
57,14:15,34,0
57,14:15,35,0
57,14:15,36,0
57,14:15,37,0
57,14:15,38,0
57,14:15,39,1
57,14:15,40,0
57,14:15,41,0
57,14:15,42,0
57,14:15,43,1
57,14:15,44,0
57,14:15,45,0
57,14:15,46,1
57,14:15,47,1
57,14:15,48,0
57,14:15,49,0
57,14:15,50,0
58,14:30,1,0
58,14:30,2,1
58,14:30,3,0
58,14:30,4,0
58,14:30,5,1
58,14:30,6,0
58,14:30,7,0
58,14:30,8,1
58,14:30,9,0
58,14:30,10,-1
58,14:30,11,0
58,14:30,12,0
58,14:30,13,0
58,14:30,14,1
58,14:30,15,0
58,14:30,16,0
58,14:30,17,1
58,14:30,18,1
58,14:30,19,1
58,14:30,20,1
58,14:30,21,-1
58,14:30,22,0
58,14:30,23,0
58,14:30,24,0
58,14:30,25,1
58,14:30,26,1
58,14:30,27,0
58,14:30,28,1
58,14:30,29,0
58,14:30,30,0
58,14:30,31,0
58,14:30,32,0
58,14:30,33,1
58,14:30,34,0
58,14:30,35,1
58,14:30,36,0
58,14:30,37,0
58,14:30,38,0
58,14:30,39,-1
58,14:30,40,0
58,14:30,41,0
58,14:30,42,0
58,14:30,43,0
58,14:30,44,0
58,14:30,45,0
58,14:30,46,1
58,14:30,47,0
58,14:30,48,0
58,14:30,49,0
58,14:30,50,0
59,14:45,1,0
59,14:45,2,0
59,14:45,3,0
59,14:45,4,0
59,14:45,5,1
59,14:45,6,0
59,14:45,7,0
59,14:45,8,1
59,14:45,9,0
59,14:45,10,0
59,14:45,11,0
59,14:45,12,0
59,14:45,13,0
59,14:45,14,0
59,14:45,15,1
59,14:45,16,0
59,14:45,17,1
59,14:45,18,1
59,14:45,19,1
59,14:45,20,-1
59,14:45,21,1
59,14:45,22,0
59,14:45,23,0
59,14:45,24,0
59,14:45,25,1
59,14:45,26,0
59,14:45,27,0
59,14:45,28,1
59,14:45,29,1
59,14:45,30,1
59,14:45,31,0
59,14:45,32,1
59,14:45,33,1
59,14:45,34,0
59,14:45,35,1
59,14:45,36,0
59,14:45,37,1
59,14:45,38,1
59,14:45,39,1
59,14:45,40,0
59,14:45,41,1
59,14:45,42,0
59,14:45,43,0
59,14:45,44,0
59,14:45,45,0
59,14:45,46,1
59,14:45,47,0
59,14:45,48,0
59,14:45,49,0
59,14:45,50,0
60,15:00,1,0
60,15:00,2,1
60,15:00,3,0
60,15:00,4,0
60,15:00,5,1
60,15:00,6,0
60,15:00,7,0
60,15:00,8,0
60,15:00,9,0
60,15:00,10,1
60,15:00,11,0
60,15:00,12,0
60,15:00,13,0
60,15:00,14,1
60,15:00,15,-1
60,15:00,16,0
60,15:00,17,1
60,15:00,18,1
60,15:00,19,0
60,15:00,20,1
60,15:00,21,1
60,15:00,22,0
60,15:00,23,0
60,15:00,24,0
60,15:00,25,1
60,15:00,26,1
60,15:00,27,0
60,15:00,28,1
60,15:00,29,1
60,15:00,30,1
60,15:00,31,0
60,15:00,32,1
60,15:00,33,-1
60,15:00,34,0
60,15:00,35,1
60,15:00,36,0
60,15:00,37,1
60,15:00,38,1
60,15:00,39,0
60,15:00,40,0
60,15:00,41,1
60,15:00,42,0
60,15:00,43,0
60,15:00,44,0
60,15:00,45,0
60,15:00,46,1
60,15:00,47,0
60,15:00,48,0
60,15:00,49,0
60,15:00,50,0
61,15:15,1,1
61,15:15,2,0
61,15:15,3,0
61,15:15,4,0
61,15:15,5,1
61,15:15,6,0
61,15:15,7,0
61,15:15,8,1
61,15:15,9,0
61,15:15,10,1
61,15:15,11,0
61,15:15,12,-1
61,15:15,13,0
61,15:15,14,-1
61,15:15,15,1
61,15:15,16,0
61,15:15,17,1
61,15:15,18,1
61,15:15,19,0
61,15:15,20,1
61,15:15,21,1
61,15:15,22,1
61,15:15,23,0
61,15:15,24,0
61,15:15,25,0
61,15:15,26,1
61,15:15,27,0
61,15:15,28,1
61,15:15,29,1
61,15:15,30,1
61,15:15,31,-1
61,15:15,32,-1
61,15:15,33,0
61,15:15,34,0
61,15:15,35,0
61,15:15,36,0
61,15:15,37,0
61,15:15,38,-1
61,15:15,39,-1
61,15:15,40,0
61,15:15,41,1
61,15:15,42,0
61,15:15,43,0
61,15:15,44,0
61,15:15,45,0
61,15:15,46,-1
61,15:15,47,0
61,15:15,48,0
61,15:15,49,0
61,15:15,50,0
62,15:30,1,-1
62,15:30,2,1
62,15:30,3,0
62,15:30,4,0
62,15:30,5,1
62,15:30,6,0
62,15:30,7,0
62,15:30,8,1
62,15:30,9,0
62,15:30,10,-1
62,15:30,11,0
62,15:30,12,1
62,15:30,13,0
62,15:30,14,1
62,15:30,15,0
62,15:30,16,0
62,15:30,17,0
62,15:30,18,-1
62,15:30,19,0
62,15:30,20,0
62,15:30,21,-1
62,15:30,22,1
62,15:30,23,0
62,15:30,24,0
62,15:30,25,1
62,15:30,26,1
62,15:30,27,0
62,15:30,28,1
62,15:30,29,1
62,15:30,30,1
62,15:30,31,-1
62,15:30,32,0
62,15:30,33,1
62,15:30,34,0
62,15:30,35,1
62,15:30,36,0
62,15:30,37,-1
62,15:30,38,1
62,15:30,39,1
62,15:30,40,0
62,15:30,41,1
62,15:30,42,0
62,15:30,43,0
62,15:30,44,0
62,15:30,45,0
62,15:30,46,1
62,15:30,47,0
62,15:30,48,-1
62,15:30,49,0
62,15:30,50,0
63,15:45,1,-1
63,15:45,2,1
63,15:45,3,0
63,15:45,4,1
63,15:45,5,1
63,15:45,6,0
63,15:45,7,1
63,15:45,8,1
63,15:45,9,-1
63,15:45,10,1
63,15:45,11,0
63,15:45,12,-1
63,15:45,13,0
63,15:45,14,0
63,15:45,15,-1
63,15:45,16,0
63,15:45,17,0
63,15:45,18,-1
63,15:45,19,0
63,15:45,20,1
63,15:45,21,1
63,15:45,22,1
63,15:45,23,0
63,15:45,24,0
63,15:45,25,1
63,15:45,26,1
63,15:45,27,0
63,15:45,28,1
63,15:45,29,0
63,15:45,30,1
63,15:45,31,0
63,15:45,32,-1
63,15:45,33,1
63,15:45,34,0
63,15:45,35,0
63,15:45,36,0
63,15:45,37,-1
63,15:45,38,1
63,15:45,39,1
63,15:45,40,0
63,15:45,41,-1
63,15:45,42,0
63,15:45,43,0
63,15:45,44,0
63,15:45,45,0
63,15:45,46,1
63,15:45,47,0
63,15:45,48,1
63,15:45,49,0
63,15:45,50,0
64,16:00,1,1
64,16:00,2,0
64,16:00,3,0
64,16:00,4,1
64,16:00,5,0
64,16:00,6,0
64,16:00,7,0
64,16:00,8,-1
64,16:00,9,0
64,16:00,10,1
64,16:00,11,0
64,16:00,12,0
64,16:00,13,0
64,16:00,14,1
64,16:00,15,1
64,16:00,16,0
64,16:00,17,0
64,16:00,18,0
64,16:00,19,0
64,16:00,20,-1
64,16:00,21,1
64,16:00,22,1
64,16:00,23,0
64,16:00,24,0
64,16:00,25,1
64,16:00,26,-1
64,16:00,27,0
64,16:00,28,1
64,16:00,29,1
64,16:00,30,1
64,16:00,31,1
64,16:00,32,1
64,16:00,33,1
64,16:00,34,0
64,16:00,35,0
64,16:00,36,0
64,16:00,37,1
64,16:00,38,-1
64,16:00,39,1
64,16:00,40,0
64,16:00,41,1
64,16:00,42,0
64,16:00,43,0
64,16:00,44,0
64,16:00,45,0
64,16:00,46,1
64,16:00,47,0
64,16:00,48,1
64,16:00,49,0
64,16:00,50,0
65,16:15,1,1
65,16:15,2,1
65,16:15,3,-1
65,16:15,4,1
65,16:15,5,1
65,16:15,6,0
65,16:15,7,-1
65,16:15,8,1
65,16:15,9,1
65,16:15,10,0
65,16:15,11,0
65,16:15,12,-1
65,16:15,13,0
65,16:15,14,1
65,16:15,15,-1
65,16:15,16,0
65,16:15,17,0
65,16:15,18,0
65,16:15,19,0
65,16:15,20,0
65,16:15,21,-1
65,16:15,22,1
65,16:15,23,0
65,16:15,24,0
65,16:15,25,-1
65,16:15,26,1
65,16:15,27,0
65,16:15,28,1
65,16:15,29,-1
65,16:15,30,1
65,16:15,31,-1
65,16:15,32,1
65,16:15,33,1
65,16:15,34,0
65,16:15,35,0
65,16:15,36,0
65,16:15,37,-1
65,16:15,38,0
65,16:15,39,1
65,16:15,40,0
65,16:15,41,1
65,16:15,42,0
65,16:15,43,0
65,16:15,44,0
65,16:15,45,0
65,16:15,46,-1
65,16:15,47,0
65,16:15,48,1
65,16:15,49,0
65,16:15,50,0
66,16:30,1,1
66,16:30,2,0
66,16:30,3,1
66,16:30,4,0
66,16:30,5,-1
66,16:30,6,0
66,16:30,7,0
66,16:30,8,1
66,16:30,9,1
66,16:30,10,1
66,16:30,11,0
66,16:30,12,1
66,16:30,13,-1
66,16:30,14,1
66,16:30,15,1
66,16:30,16,0
66,16:30,17,0
66,16:30,18,0
66,16:30,19,0
66,16:30,20,-1
66,16:30,21,1
66,16:30,22,1
66,16:30,23,0
66,16:30,24,0
66,16:30,25,1
66,16:30,26,0
66,16:30,27,0
66,16:30,28,1
66,16:30,29,1
66,16:30,30,-1
66,16:30,31,1
66,16:30,32,0
66,16:30,33,1
66,16:30,34,0
66,16:30,35,0
66,16:30,36,0
66,16:30,37,1
66,16:30,38,0
66,16:30,39,-1
66,16:30,40,0
66,16:30,41,0
66,16:30,42,0
66,16:30,43,0
66,16:30,44,0
66,16:30,45,0
66,16:30,46,0
66,16:30,47,0
66,16:30,48,1
66,16:30,49,0
66,16:30,50,0
67,16:45,1,-1
67,16:45,2,0
67,16:45,3,-1
67,16:45,4,1
67,16:45,5,0
67,16:45,6,0
67,16:45,7,0
67,16:45,8,1
67,16:45,9,1
67,16:45,10,1
67,16:45,11,0
67,16:45,12,1
67,16:45,13,-1
67,16:45,14,0
67,16:45,15,0
67,16:45,16,0
67,16:45,17,0
67,16:45,18,0
67,16:45,19,0
67,16:45,20,-1
67,16:45,21,-1
67,16:45,22,1
67,16:45,23,0
67,16:45,24,0
67,16:45,25,0
67,16:45,26,1
67,16:45,27,0
67,16:45,28,1
67,16:45,29,1
67,16:45,30,0
67,16:45,31,1
67,16:45,32,0
67,16:45,33,1
67,16:45,34,0
67,16:45,35,0
67,16:45,36,0
67,16:45,37,1
67,16:45,38,0
67,16:45,39,1
67,16:45,40,0
67,16:45,41,1
67,16:45,42,0
67,16:45,43,0
67,16:45,44,0
67,16:45,45,0
67,16:45,46,1
67,16:45,47,0
67,16:45,48,1
67,16:45,49,0
67,16:45,50,0
68,17:00,1,-1
68,17:00,2,0
68,17:00,3,0
68,17:00,4,0
68,17:00,5,0
68,17:00,6,0
68,17:00,7,1
68,17:00,8,1
68,17:00,9,1
68,17:00,10,0
68,17:00,11,0
68,17:00,12,1
68,17:00,13,0
68,17:00,14,1
68,17:00,15,1
68,17:00,16,0
68,17:00,17,0
68,17:00,18,0
68,17:00,19,0
68,17:00,20,1
68,17:00,21,-1
68,17:00,22,-1
68,17:00,23,0
68,17:00,24,0
68,17:00,25,-1
68,17:00,26,0
68,17:00,27,0
68,17:00,28,1
68,17:00,29,0
68,17:00,30,0
68,17:00,31,1
68,17:00,32,0
68,17:00,33,1
68,17:00,34,0
68,17:00,35,0
68,17:00,36,0
68,17:00,37,0
68,17:00,38,0
68,17:00,39,1
68,17:00,40,0
68,17:00,41,1
68,17:00,42,0
68,17:00,43,0
68,17:00,44,0
68,17:00,45,0
68,17:00,46,-1
68,17:00,47,0
68,17:00,48,1
68,17:00,49,0
68,17:00,50,1
69,17:15,1,0
69,17:15,2,0
69,17:15,3,1
69,17:15,4,0
69,17:15,5,0
69,17:15,6,0
69,17:15,7,0
69,17:15,8,1
69,17:15,9,1
69,17:15,10,0
69,17:15,11,0
69,17:15,12,1
69,17:15,13,0
69,17:15,14,-1
69,17:15,15,1
69,17:15,16,0
69,17:15,17,0
69,17:15,18,0
69,17:15,19,0
69,17:15,20,-1
69,17:15,21,1
69,17:15,22,1
69,17:15,23,0
69,17:15,24,0
69,17:15,25,1
69,17:15,26,0
69,17:15,27,1
69,17:15,28,-1
69,17:15,29,0
69,17:15,30,0
69,17:15,31,0
69,17:15,32,0
69,17:15,33,1
69,17:15,34,0
69,17:15,35,0
69,17:15,36,0
69,17:15,37,1
69,17:15,38,0
69,17:15,39,1
69,17:15,40,0
69,17:15,41,0
69,17:15,42,0
69,17:15,43,0
69,17:15,44,0
69,17:15,45,0
69,17:15,46,1
69,17:15,47,0
69,17:15,48,1
69,17:15,49,0
69,17:15,50,0
70,17:30,1,0
70,17:30,2,0
70,17:30,3,-1
70,17:30,4,-1
70,17:30,5,0
70,17:30,6,0
70,17:30,7,1
70,17:30,8,1
70,17:30,9,1
70,17:30,10,0
70,17:30,11,0
70,17:30,12,-1
70,17:30,13,1
70,17:30,14,1
70,17:30,15,1
70,17:30,16,0
70,17:30,17,0
70,17:30,18,0
70,17:30,19,0
70,17:30,20,1
70,17:30,21,0
70,17:30,22,1
70,17:30,23,0
70,17:30,24,0
70,17:30,25,1
70,17:30,26,1
70,17:30,27,1
70,17:30,28,-1
70,17:30,29,0
70,17:30,30,0
70,17:30,31,1
70,17:30,32,0
70,17:30,33,1
70,17:30,34,0
70,17:30,35,0
70,17:30,36,0
70,17:30,37,1
70,17:30,38,0
70,17:30,39,0
70,17:30,40,0
70,17:30,41,1
70,17:30,42,0
70,17:30,43,0
70,17:30,44,0
70,17:30,45,0
70,17:30,46,1
70,17:30,47,0
70,17:30,48,0
70,17:30,49,0
70,17:30,50,1
71,17:45,1,0
71,17:45,2,0
71,17:45,3,1
71,17:45,4,1
71,17:45,5,0
71,17:45,6,0
71,17:45,7,1
71,17:45,8,1
71,17:45,9,1
71,17:45,10,0
71,17:45,11,0
71,17:45,12,0
71,17:45,13,1
71,17:45,14,1
71,17:45,15,0
71,17:45,16,0
71,17:45,17,0
71,17:45,18,0
71,17:45,19,0
71,17:45,20,-1
71,17:45,21,0
71,17:45,22,1
71,17:45,23,0
71,17:45,24,0
71,17:45,25,-1
71,17:45,26,0
71,17:45,27,-1
71,17:45,28,0
71,17:45,29,0
71,17:45,30,0
71,17:45,31,1
71,17:45,32,0
71,17:45,33,-1
71,17:45,34,0
71,17:45,35,0
71,17:45,36,0
71,17:45,37,1
71,17:45,38,0
71,17:45,39,1
71,17:45,40,0
71,17:45,41,-1
71,17:45,42,0
71,17:45,43,0
71,17:45,44,0
71,17:45,45,0
71,17:45,46,1
71,17:45,47,0
71,17:45,48,1
71,17:45,49,0
71,17:45,50,-1
72,18:00,1,0
72,18:00,2,0
72,18:00,3,1
72,18:00,4,1
72,18:00,5,0
72,18:00,6,0
72,18:00,7,1
72,18:00,8,1
72,18:00,9,1
72,18:00,10,0
72,18:00,11,0
72,18:00,12,1
72,18:00,13,1
72,18:00,14,1
72,18:00,15,-1
72,18:00,16,0
72,18:00,17,0
72,18:00,18,0
72,18:00,19,0
72,18:00,20,1
72,18:00,21,1
72,18:00,22,0
72,18:00,23,0
72,18:00,24,0
72,18:00,25,0
72,18:00,26,0
72,18:00,27,-1
72,18:00,28,1
72,18:00,29,0
72,18:00,30,0
72,18:00,31,-1
72,18:00,32,0
72,18:00,33,1
72,18:00,34,0
72,18:00,35,0
72,18:00,36,0
72,18:00,37,1
72,18:00,38,0
72,18:00,39,1
72,18:00,40,0
72,18:00,41,-1
72,18:00,42,0
72,18:00,43,0
72,18:00,44,0
72,18:00,45,0
72,18:00,46,-1
72,18:00,47,0
72,18:00,48,1
72,18:00,49,-1
72,18:00,50,-1
73,18:15,1,0
73,18:15,2,0
73,18:15,3,1
73,18:15,4,1
73,18:15,5,0
73,18:15,6,0
73,18:15,7,0
73,18:15,8,0
73,18:15,9,-1
73,18:15,10,0
73,18:15,11,0
73,18:15,12,1
73,18:15,13,1
73,18:15,14,0
73,18:15,15,-1
73,18:15,16,0
73,18:15,17,0
73,18:15,18,0
73,18:15,19,0
73,18:15,20,1
73,18:15,21,0
73,18:15,22,1
73,18:15,23,0
73,18:15,24,0
73,18:15,25,1
73,18:15,26,0
73,18:15,27,-1
73,18:15,28,1
73,18:15,29,0
73,18:15,30,0
73,18:15,31,1
73,18:15,32,0
73,18:15,33,1
73,18:15,34,0
73,18:15,35,0
73,18:15,36,0
73,18:15,37,0
73,18:15,38,0
73,18:15,39,1
73,18:15,40,0
73,18:15,41,1
73,18:15,42,0
73,18:15,43,0
73,18:15,44,0
73,18:15,45,0
73,18:15,46,1
73,18:15,47,0
73,18:15,48,1
73,18:15,49,1
73,18:15,50,-1
74,18:30,1,0
74,18:30,2,0
74,18:30,3,1
74,18:30,4,1
74,18:30,5,0
74,18:30,6,0
74,18:30,7,0
74,18:30,8,0
74,18:30,9,1
74,18:30,10,0
74,18:30,11,0
74,18:30,12,1
74,18:30,13,-1
74,18:30,14,1
74,18:30,15,1
74,18:30,16,0
74,18:30,17,0
74,18:30,18,0
74,18:30,19,0
74,18:30,20,-1
74,18:30,21,0
74,18:30,22,1
74,18:30,23,0
74,18:30,24,-1
74,18:30,25,1
74,18:30,26,0
74,18:30,27,1
74,18:30,28,1
74,18:30,29,0
74,18:30,30,0
74,18:30,31,0
74,18:30,32,0
74,18:30,33,1
74,18:30,34,0
74,18:30,35,0
74,18:30,36,0
74,18:30,37,1
74,18:30,38,0
74,18:30,39,1
74,18:30,40,0
74,18:30,41,1
74,18:30,42,0
74,18:30,43,0
74,18:30,44,0
74,18:30,45,0
74,18:30,46,1
74,18:30,47,0
74,18:30,48,-1
74,18:30,49,1
74,18:30,50,-1
75,18:45,1,0
75,18:45,2,0
75,18:45,3,1
75,18:45,4,0
75,18:45,5,0
75,18:45,6,0
75,18:45,7,0
75,18:45,8,0
75,18:45,9,1
75,18:45,10,0
75,18:45,11,0
75,18:45,12,1
75,18:45,13,1
75,18:45,14,1
75,18:45,15,1
75,18:45,16,0
75,18:45,17,0
75,18:45,18,0
75,18:45,19,0
75,18:45,20,1
75,18:45,21,0
75,18:45,22,1
75,18:45,23,0
75,18:45,24,-1
75,18:45,25,1
75,18:45,26,0
75,18:45,27,1
75,18:45,28,-1
75,18:45,29,0
75,18:45,30,0
75,18:45,31,1
75,18:45,32,0
75,18:45,33,1
75,18:45,34,0
75,18:45,35,0
75,18:45,36,0
75,18:45,37,1
75,18:45,38,0
75,18:45,39,1
75,18:45,40,0
75,18:45,41,1
75,18:45,42,0
75,18:45,43,0
75,18:45,44,1
75,18:45,45,0
75,18:45,46,-1
75,18:45,47,0
75,18:45,48,1
75,18:45,49,1
75,18:45,50,-1
76,19:00,1,0
76,19:00,2,0
76,19:00,3,1
76,19:00,4,1
76,19:00,5,0
76,19:00,6,0
76,19:00,7,0
76,19:00,8,0
76,19:00,9,0
76,19:00,10,0
76,19:00,11,0
76,19:00,12,1
76,19:00,13,1
76,19:00,14,0
76,19:00,15,1
76,19:00,16,0
76,19:00,17,0
76,19:00,18,0
76,19:00,19,0
76,19:00,20,1
76,19:00,21,0
76,19:00,22,1
76,19:00,23,1
76,19:00,24,1
76,19:00,25,1
76,19:00,26,0
76,19:00,27,-1
76,19:00,28,1
76,19:00,29,0
76,19:00,30,0
76,19:00,31,1
76,19:00,32,0
76,19:00,33,0
76,19:00,34,0
76,19:00,35,0
76,19:00,36,0
76,19:00,37,1
76,19:00,38,0
76,19:00,39,1
76,19:00,40,-1
76,19:00,41,1
76,19:00,42,0
76,19:00,43,0
76,19:00,44,-1
76,19:00,45,0
76,19:00,46,0
76,19:00,47,0
76,19:00,48,1
76,19:00,49,1
76,19:00,50,1
77,19:15,1,0
77,19:15,2,0
77,19:15,3,0
77,19:15,4,1
77,19:15,5,0
77,19:15,6,0
77,19:15,7,0
77,19:15,8,0
77,19:15,9,1
77,19:15,10,0
77,19:15,11,0
77,19:15,12,1
77,19:15,13,-1
77,19:15,14,1
77,19:15,15,0
77,19:15,16,0
77,19:15,17,0
77,19:15,18,0
77,19:15,19,0
77,19:15,20,1
77,19:15,21,0
77,19:15,22,1
77,19:15,23,-1
77,19:15,24,1
77,19:15,25,0
77,19:15,26,0
77,19:15,27,1
77,19:15,28,1
77,19:15,29,0
77,19:15,30,0
77,19:15,31,0
77,19:15,32,0
77,19:15,33,-1
77,19:15,34,0
77,19:15,35,0
77,19:15,36,0
77,19:15,37,1
77,19:15,38,0
77,19:15,39,1
77,19:15,40,1
77,19:15,41,1
77,19:15,42,-1
77,19:15,43,0
77,19:15,44,1
77,19:15,45,0
77,19:15,46,1
77,19:15,47,0
77,19:15,48,-1
77,19:15,49,0
77,19:15,50,1
78,19:30,1,0
78,19:30,2,0
78,19:30,3,-1
78,19:30,4,1
78,19:30,5,0
78,19:30,6,1
78,19:30,7,0
78,19:30,8,0
78,19:30,9,0
78,19:30,10,0
78,19:30,11,0
78,19:30,12,1
78,19:30,13,0
78,19:30,14,1
78,19:30,15,-1
78,19:30,16,1
78,19:30,17,0
78,19:30,18,0
78,19:30,19,0
78,19:30,20,1
78,19:30,21,0
78,19:30,22,1
78,19:30,23,0
78,19:30,24,1
78,19:30,25,0
78,19:30,26,0
78,19:30,27,1
78,19:30,28,1
78,19:30,29,0
78,19:30,30,0
78,19:30,31,1
78,19:30,32,0
78,19:30,33,-1
78,19:30,34,0
78,19:30,35,0
78,19:30,36,0
78,19:30,37,-1
78,19:30,38,0
78,19:30,39,1
78,19:30,40,0
78,19:30,41,1
78,19:30,42,0
78,19:30,43,0
78,19:30,44,-1
78,19:30,45,0
78,19:30,46,-1
78,19:30,47,0
78,19:30,48,-1
78,19:30,49,1
78,19:30,50,1
79,19:45,1,0
79,19:45,2,0
79,19:45,3,1
79,19:45,4,1
79,19:45,5,0
79,19:45,6,1
79,19:45,7,0
79,19:45,8,0
79,19:45,9,1
79,19:45,10,0
79,19:45,11,0
79,19:45,12,-1
79,19:45,13,1
79,19:45,14,1
79,19:45,15,1
79,19:45,16,1
79,19:45,17,0
79,19:45,18,0
79,19:45,19,0
79,19:45,20,-1
79,19:45,21,0
79,19:45,22,1
79,19:45,23,1
79,19:45,24,1
79,19:45,25,0
79,19:45,26,0
79,19:45,27,1
79,19:45,28,-1
79,19:45,29,0
79,19:45,30,0
79,19:45,31,1
79,19:45,32,0
79,19:45,33,-1
79,19:45,34,0
79,19:45,35,0
79,19:45,36,0
79,19:45,37,0
79,19:45,38,0
79,19:45,39,1
79,19:45,40,1
79,19:45,41,1
79,19:45,42,1
79,19:45,43,0
79,19:45,44,1
79,19:45,45,0
79,19:45,46,1
79,19:45,47,0
79,19:45,48,1
79,19:45,49,1
79,19:45,50,1
80,20:00,1,0
80,20:00,2,0
80,20:00,3,1
80,20:00,4,0
80,20:00,5,0
80,20:00,6,1
80,20:00,7,0
80,20:00,8,0
80,20:00,9,1
80,20:00,10,0
80,20:00,11,0
80,20:00,12,0
80,20:00,13,1
80,20:00,14,0
80,20:00,15,1
80,20:00,16,1
80,20:00,17,0
80,20:00,18,0
80,20:00,19,0
80,20:00,20,0
80,20:00,21,0
80,20:00,22,1
80,20:00,23,1
80,20:00,24,1
80,20:00,25,0
80,20:00,26,0
80,20:00,27,0
80,20:00,28,1
80,20:00,29,0
80,20:00,30,0
80,20:00,31,1
80,20:00,32,0
80,20:00,33,0
80,20:00,34,0
80,20:00,35,0
80,20:00,36,0
80,20:00,37,0
80,20:00,38,0
80,20:00,39,1
80,20:00,40,1
80,20:00,41,-1
80,20:00,42,1
80,20:00,43,0
80,20:00,44,1
80,20:00,45,0
80,20:00,46,1
80,20:00,47,0
80,20:00,48,1
80,20:00,49,-1
80,20:00,50,-1
81,20:15,1,0
81,20:15,2,0
81,20:15,3,1
81,20:15,4,0
81,20:15,5,0
81,20:15,6,-1
81,20:15,7,0
81,20:15,8,0
81,20:15,9,1
81,20:15,10,0
81,20:15,11,0
81,20:15,12,0
81,20:15,13,0
81,20:15,14,0
81,20:15,15,-1
81,20:15,16,1
81,20:15,17,0
81,20:15,18,0
81,20:15,19,0
81,20:15,20,-1
81,20:15,21,0
81,20:15,22,1
81,20:15,23,1
81,20:15,24,1
81,20:15,25,0
81,20:15,26,0
81,20:15,27,-1
81,20:15,28,1
81,20:15,29,0
81,20:15,30,0
81,20:15,31,1
81,20:15,32,0
81,20:15,33,1
81,20:15,34,0
81,20:15,35,0
81,20:15,36,0
81,20:15,37,0
81,20:15,38,0
81,20:15,39,1
81,20:15,40,1
81,20:15,41,1
81,20:15,42,0
81,20:15,43,0
81,20:15,44,-1
81,20:15,45,0
81,20:15,46,1
81,20:15,47,0
81,20:15,48,0
81,20:15,49,1
81,20:15,50,0
82,20:30,1,0
82,20:30,2,0
82,20:30,3,1
82,20:30,4,0
82,20:30,5,0
82,20:30,6,1
82,20:30,7,0
82,20:30,8,0
82,20:30,9,1
82,20:30,10,0
82,20:30,11,0
82,20:30,12,0
82,20:30,13,1
82,20:30,14,1
82,20:30,15,1
82,20:30,16,1
82,20:30,17,0
82,20:30,18,0
82,20:30,19,0
82,20:30,20,-1
82,20:30,21,0
82,20:30,22,0
82,20:30,23,1
82,20:30,24,-1
82,20:30,25,0
82,20:30,26,0
82,20:30,27,1
82,20:30,28,-1
82,20:30,29,0
82,20:30,30,0
82,20:30,31,0
82,20:30,32,0
82,20:30,33,1
82,20:30,34,0
82,20:30,35,0
82,20:30,36,0
82,20:30,37,0
82,20:30,38,0
82,20:30,39,-1
82,20:30,40,-1
82,20:30,41,1
82,20:30,42,1
82,20:30,43,0
82,20:30,44,0
82,20:30,45,0
82,20:30,46,1
82,20:30,47,0
82,20:30,48,0
82,20:30,49,1
82,20:30,50,1
83,20:45,1,0
83,20:45,2,0
83,20:45,3,1
83,20:45,4,0
83,20:45,5,0
83,20:45,6,-1
83,20:45,7,0
83,20:45,8,0
83,20:45,9,1
83,20:45,10,0
83,20:45,11,0
83,20:45,12,0
83,20:45,13,0
83,20:45,14,0
83,20:45,15,1
83,20:45,16,1
83,20:45,17,0
83,20:45,18,0
83,20:45,19,0
83,20:45,20,1
83,20:45,21,0
83,20:45,22,1
83,20:45,23,1
83,20:45,24,1
83,20:45,25,0
83,20:45,26,0
83,20:45,27,1
83,20:45,28,0
83,20:45,29,0
83,20:45,30,0
83,20:45,31,0
83,20:45,32,0
83,20:45,33,1
83,20:45,34,0
83,20:45,35,0
83,20:45,36,0
83,20:45,37,0
83,20:45,38,0
83,20:45,39,0
83,20:45,40,-1
83,20:45,41,1
83,20:45,42,1
83,20:45,43,0
83,20:45,44,1
83,20:45,45,0
83,20:45,46,1
83,20:45,47,0
83,20:45,48,0
83,20:45,49,1
83,20:45,50,1
84,21:00,1,0
84,21:00,2,0
84,21:00,3,0
84,21:00,4,0
84,21:00,5,0
84,21:00,6,1
84,21:00,7,0
84,21:00,8,0
84,21:00,9,1
84,21:00,10,0
84,21:00,11,0
84,21:00,12,0
84,21:00,13,-1
84,21:00,14,-1
84,21:00,15,-1
84,21:00,16,-1
84,21:00,17,0
84,21:00,18,0
84,21:00,19,0
84,21:00,20,1
84,21:00,21,0
84,21:00,22,-1
84,21:00,23,1
84,21:00,24,0
84,21:00,25,0
84,21:00,26,0
84,21:00,27,-1
84,21:00,28,1
84,21:00,29,0
84,21:00,30,0
84,21:00,31,0
84,21:00,32,0
84,21:00,33,1
84,21:00,34,0
84,21:00,35,0
84,21:00,36,0
84,21:00,37,0
84,21:00,38,0
84,21:00,39,1
84,21:00,40,1
84,21:00,41,-1
84,21:00,42,1
84,21:00,43,0
84,21:00,44,1
84,21:00,45,0
84,21:00,46,1
84,21:00,47,0
84,21:00,48,-1
84,21:00,49,1
84,21:00,50,0
85,21:15,1,0
85,21:15,2,0
85,21:15,3,1
85,21:15,4,0
85,21:15,5,0
85,21:15,6,1
85,21:15,7,0
85,21:15,8,0
85,21:15,9,1
85,21:15,10,0
85,21:15,11,0
85,21:15,12,0
85,21:15,13,1
85,21:15,14,1
85,21:15,15,0
85,21:15,16,1
85,21:15,17,0
85,21:15,18,0
85,21:15,19,0
85,21:15,20,1
85,21:15,21,0
85,21:15,22,1
85,21:15,23,1
85,21:15,24,1
85,21:15,25,0
85,21:15,26,0
85,21:15,27,0
85,21:15,28,1
85,21:15,29,0
85,21:15,30,0
85,21:15,31,0
85,21:15,32,0
85,21:15,33,0
85,21:15,34,0
85,21:15,35,0
85,21:15,36,0
85,21:15,37,0
85,21:15,38,0
85,21:15,39,1
85,21:15,40,0
85,21:15,41,0
85,21:15,42,-1
85,21:15,43,0
85,21:15,44,1
85,21:15,45,0
85,21:15,46,1
85,21:15,47,0
85,21:15,48,-1
85,21:15,49,1
85,21:15,50,0
86,21:30,1,0
86,21:30,2,0
86,21:30,3,1
86,21:30,4,0
86,21:30,5,0
86,21:30,6,1
86,21:30,7,0
86,21:30,8,0
86,21:30,9,-1
86,21:30,10,0
86,21:30,11,0
86,21:30,12,0
86,21:30,13,0
86,21:30,14,0
86,21:30,15,-1
86,21:30,16,1
86,21:30,17,0
86,21:30,18,0
86,21:30,19,0
86,21:30,20,1
86,21:30,21,0
86,21:30,22,1
86,21:30,23,1
86,21:30,24,1
86,21:30,25,0
86,21:30,26,0
86,21:30,27,1
86,21:30,28,0
86,21:30,29,0
86,21:30,30,0
86,21:30,31,0
86,21:30,32,0
86,21:30,33,0
86,21:30,34,0
86,21:30,35,0
86,21:30,36,0
86,21:30,37,0
86,21:30,38,0
86,21:30,39,1
86,21:30,40,1
86,21:30,41,0
86,21:30,42,0
86,21:30,43,0
86,21:30,44,1
86,21:30,45,0
86,21:30,46,0
86,21:30,47,0
86,21:30,48,1
86,21:30,49,1
86,21:30,50,0
87,21:45,1,0
87,21:45,2,0
87,21:45,3,1
87,21:45,4,0
87,21:45,5,0
87,21:45,6,1
87,21:45,7,0
87,21:45,8,0
87,21:45,9,-1
87,21:45,10,0
87,21:45,11,0
87,21:45,12,0
87,21:45,13,0
87,21:45,14,0
87,21:45,15,0
87,21:45,16,1
87,21:45,17,0
87,21:45,18,0
87,21:45,19,0
87,21:45,20,-1
87,21:45,21,0
87,21:45,22,0
87,21:45,23,1
87,21:45,24,1
87,21:45,25,0
87,21:45,26,0
87,21:45,27,1
87,21:45,28,1
87,21:45,29,0
87,21:45,30,0
87,21:45,31,0
87,21:45,32,0
87,21:45,33,0
87,21:45,34,0
87,21:45,35,0
87,21:45,36,0
87,21:45,37,0
87,21:45,38,0
87,21:45,39,1
87,21:45,40,-1
87,21:45,41,1
87,21:45,42,0
87,21:45,43,0
87,21:45,44,1
87,21:45,45,0
87,21:45,46,0
87,21:45,47,0
87,21:45,48,0
87,21:45,49,-1
87,21:45,50,0
88,22:00,1,0
88,22:00,2,0
88,22:00,3,0
88,22:00,4,0
88,22:00,5,0
88,22:00,6,1
88,22:00,7,0
88,22:00,8,0
88,22:00,9,0
88,22:00,10,0
88,22:00,11,0
88,22:00,12,0
88,22:00,13,0
88,22:00,14,0
88,22:00,15,0
88,22:00,16,1
88,22:00,17,0
88,22:00,18,0
88,22:00,19,0
88,22:00,20,1
88,22:00,21,0
88,22:00,22,1
88,22:00,23,1
88,22:00,24,1
88,22:00,25,0
88,22:00,26,0
88,22:00,27,1
88,22:00,28,1
88,22:00,29,0
88,22:00,30,0
88,22:00,31,0
88,22:00,32,0
88,22:00,33,0
88,22:00,34,0
88,22:00,35,0
88,22:00,36,0
88,22:00,37,0
88,22:00,38,0
88,22:00,39,-1
88,22:00,40,-1
88,22:00,41,1
88,22:00,42,0
88,22:00,43,0
88,22:00,44,1
88,22:00,45,0
88,22:00,46,1
88,22:00,47,0
88,22:00,48,0
88,22:00,49,1
88,22:00,50,0
89,22:15,1,0
89,22:15,2,0
89,22:15,3,0
89,22:15,4,0
89,22:15,5,0
89,22:15,6,1
89,22:15,7,0
89,22:15,8,0
89,22:15,9,0
89,22:15,10,0
89,22:15,11,0
89,22:15,12,0
89,22:15,13,0
89,22:15,14,-1
89,22:15,15,0
89,22:15,16,-1
89,22:15,17,0
89,22:15,18,0
89,22:15,19,0
89,22:15,20,1
89,22:15,21,0
89,22:15,22,0
89,22:15,23,-1
89,22:15,24,0
89,22:15,25,0
89,22:15,26,0
89,22:15,27,1
89,22:15,28,1
89,22:15,29,0
89,22:15,30,0
89,22:15,31,0
89,22:15,32,0
89,22:15,33,0
89,22:15,34,0
89,22:15,35,0
89,22:15,36,0
89,22:15,37,0
89,22:15,38,0
89,22:15,39,1
89,22:15,40,1
89,22:15,41,1
89,22:15,42,0
89,22:15,43,0
89,22:15,44,0
89,22:15,45,0
89,22:15,46,1
89,22:15,47,0
89,22:15,48,0
89,22:15,49,0
89,22:15,50,0
90,22:30,1,0
90,22:30,2,0
90,22:30,3,0
90,22:30,4,0
90,22:30,5,0
90,22:30,6,0
90,22:30,7,0
90,22:30,8,0
90,22:30,9,0
90,22:30,10,0
90,22:30,11,0
90,22:30,12,0
90,22:30,13,0
90,22:30,14,1
90,22:30,15,0
90,22:30,16,-1
90,22:30,17,0
90,22:30,18,0
90,22:30,19,0
90,22:30,20,1
90,22:30,21,0
90,22:30,22,1
90,22:30,23,1
90,22:30,24,0
90,22:30,25,0
90,22:30,26,0
90,22:30,27,1
90,22:30,28,0
90,22:30,29,0
90,22:30,30,0
90,22:30,31,0
90,22:30,32,0
90,22:30,33,0
90,22:30,34,0
90,22:30,35,0
90,22:30,36,0
90,22:30,37,0
90,22:30,38,0
90,22:30,39,0
90,22:30,40,0
90,22:30,41,0
90,22:30,42,0
90,22:30,43,0
90,22:30,44,1
90,22:30,45,0
90,22:30,46,1
90,22:30,47,0
90,22:30,48,0
90,22:30,49,1
90,22:30,50,0
91,22:45,1,0
91,22:45,2,0
91,22:45,3,0
91,22:45,4,0
91,22:45,5,0
91,22:45,6,0
91,22:45,7,0
91,22:45,8,0
91,22:45,9,0
91,22:45,10,0
91,22:45,11,0
91,22:45,12,0
91,22:45,13,0
91,22:45,14,0
91,22:45,15,0
91,22:45,16,1
91,22:45,17,0
91,22:45,18,0
91,22:45,19,0
91,22:45,20,1
91,22:45,21,0
91,22:45,22,1
91,22:45,23,-1
91,22:45,24,0
91,22:45,25,0
91,22:45,26,0
91,22:45,27,1
91,22:45,28,0
91,22:45,29,0
91,22:45,30,0
91,22:45,31,0
91,22:45,32,0
91,22:45,33,0
91,22:45,34,0
91,22:45,35,0
91,22:45,36,0
91,22:45,37,0
91,22:45,38,0
91,22:45,39,0
91,22:45,40,1
91,22:45,41,-1
91,22:45,42,0
91,22:45,43,0
91,22:45,44,0
91,22:45,45,0
91,22:45,46,1
91,22:45,47,0
91,22:45,48,0
91,22:45,49,1
91,22:45,50,0
92,23:00,1,0
92,23:00,2,0
92,23:00,3,0
92,23:00,4,0
92,23:00,5,0
92,23:00,6,0
92,23:00,7,0
92,23:00,8,0
92,23:00,9,0
92,23:00,10,0
92,23:00,11,0
92,23:00,12,0
92,23:00,13,0
92,23:00,14,-1
92,23:00,15,0
92,23:00,16,1
92,23:00,17,0
92,23:00,18,0
92,23:00,19,0
92,23:00,20,0
92,23:00,21,0
92,23:00,22,1
92,23:00,23,1
92,23:00,24,0
92,23:00,25,0
92,23:00,26,0
92,23:00,27,0
92,23:00,28,0
92,23:00,29,0
92,23:00,30,0
92,23:00,31,0
92,23:00,32,0
92,23:00,33,0
92,23:00,34,0
92,23:00,35,0
92,23:00,36,0
92,23:00,37,0
92,23:00,38,0
92,23:00,39,1
92,23:00,40,1
92,23:00,41,1
92,23:00,42,0
92,23:00,43,0
92,23:00,44,0
92,23:00,45,0
92,23:00,46,1
92,23:00,47,0
92,23:00,48,0
92,23:00,49,1
92,23:00,50,0
93,23:15,1,0
93,23:15,2,0
93,23:15,3,0
93,23:15,4,0
93,23:15,5,0
93,23:15,6,0
93,23:15,7,0
93,23:15,8,0
93,23:15,9,0
93,23:15,10,0
93,23:15,11,0
93,23:15,12,0
93,23:15,13,0
93,23:15,14,-1
93,23:15,15,0
93,23:15,16,0
93,23:15,17,0
93,23:15,18,0
93,23:15,19,0
93,23:15,20,0
93,23:15,21,0
93,23:15,22,0
93,23:15,23,0
93,23:15,24,0
93,23:15,25,0
93,23:15,26,0
93,23:15,27,0
93,23:15,28,0
93,23:15,29,0
93,23:15,30,0
93,23:15,31,0
93,23:15,32,0
93,23:15,33,0
93,23:15,34,0
93,23:15,35,0
93,23:15,36,0
93,23:15,37,0
93,23:15,38,0
93,23:15,39,0
93,23:15,40,1
93,23:15,41,1
93,23:15,42,0
93,23:15,43,0
93,23:15,44,-1
93,23:15,45,0
93,23:15,46,0
93,23:15,47,0
93,23:15,48,0
93,23:15,49,1
93,23:15,50,0
94,23:30,1,0
94,23:30,2,0
94,23:30,3,0
94,23:30,4,0
94,23:30,5,0
94,23:30,6,0
94,23:30,7,0
94,23:30,8,0
94,23:30,9,0
94,23:30,10,0
94,23:30,11,0
94,23:30,12,0
94,23:30,13,0
94,23:30,14,1
94,23:30,15,0
94,23:30,16,0
94,23:30,17,0
94,23:30,18,0
94,23:30,19,0
94,23:30,20,0
94,23:30,21,0
94,23:30,22,1
94,23:30,23,0
94,23:30,24,0
94,23:30,25,0
94,23:30,26,0
94,23:30,27,0
94,23:30,28,0
94,23:30,29,0
94,23:30,30,0
94,23:30,31,0
94,23:30,32,0
94,23:30,33,0
94,23:30,34,0
94,23:30,35,0
94,23:30,36,0
94,23:30,37,0
94,23:30,38,0
94,23:30,39,-1
94,23:30,40,1
94,23:30,41,0
94,23:30,42,0
94,23:30,43,0
94,23:30,44,0
94,23:30,45,0
94,23:30,46,0
94,23:30,47,0
94,23:30,48,0
94,23:30,49,-1
94,23:30,50,0
95,23:45,1,0
95,23:45,2,0
95,23:45,3,0
95,23:45,4,0
95,23:45,5,0
95,23:45,6,0
95,23:45,7,0
95,23:45,8,0
95,23:45,9,0
95,23:45,10,0
95,23:45,11,0
95,23:45,12,0
95,23:45,13,0
95,23:45,14,0
95,23:45,15,0
95,23:45,16,0
95,23:45,17,0
95,23:45,18,0
95,23:45,19,0
95,23:45,20,0
95,23:45,21,0
95,23:45,22,0
95,23:45,23,0
95,23:45,24,0
95,23:45,25,0
95,23:45,26,0
95,23:45,27,0
95,23:45,28,0
95,23:45,29,0
95,23:45,30,0
95,23:45,31,0
95,23:45,32,0
95,23:45,33,0
95,23:45,34,0
95,23:45,35,0
95,23:45,36,0
95,23:45,37,0
95,23:45,38,0
95,23:45,39,0
95,23:45,40,0
95,23:45,41,0
95,23:45,42,0
95,23:45,43,0
95,23:45,44,0
95,23:45,45,0
95,23:45,46,0
95,23:45,47,0
95,23:45,48,0
95,23:45,49,0
95,23:45,50,0
